Actualités,"Sites ""douteux""","Sites ""peu fiables"""
"Top 20 Brands de la catégorie ""Actualités"" - janvier 2020
Médiamétrie","Sites classés en ""orange"" dans le Décodex",Sites classés en rouge dans le Décodex
Le Figaro - T ACPM (B),actumag.info,100percentfedup.com
franceinfo - T ACPM (B),alsace-actu.com,2012nouvelmorguemondial.over-blog.com
BFM TV - T ACPM (B),1001trucscoolsafaire.ovh,2012un-nouveau-paradigme.com
Ouest France - T ACPM (B),4emesinge.com,20minotes.com
Le Parisien - T ACPM (B),addictinginfo.org,20minutes.fr.truemindword.com
20 Minutes - T ACPM (B),adoxa.info,20minutesfrance.com
Le Monde - T ACPM (B),agenceinfolibre.fr,21stcenturywire.com
Linternaute.com - T (B),alternativesante.fr,70news.wordpress.com
Actu.fr - T ACPM (B),americannewsx.com,a-ta-sante.fr
LCI - T ACPM (B),apr-news.fr,abcnews.com.co
France Bleu - T ACPM (B),ayoye.com,abidjantv.net
Le HuffPost - T ACPM (B),beingliberal.tumblr.com,activistpost.com
RTL - T (B),bipartisanreport.com,ae911truth.org
L Express - T ACPM (B),bonnsante.blogspot.fr,africa24.info
L Obs - T ACPM (B),brandonturbeville.com,afripulse.com
LePoint - T ACPM (B),breitbart.com,alalumieredunouveaumonde.blogspot.fr
La Depeche - T ACPM (B),buzzarena.com,alertesinfos.fr
La Voix du Nord - T ACPM (B),buzzdefr.com,allosante.eu
Planet.fr (B),buzzfil.net,alterinfo.ch
CNEWS. - T (B),buzzly.fr,alterinfo.net
,buzzpol.com,altersante.fr
,buzzvrai.com,americannews.com
,bvoltaire.com,americantruepatriots.com
,bvoltaire.fr,anonews.co
,chouard.org/blog,arcturius.org
,christianophobie.fr,arretsurinfo.ch
,contre-info.com,artdevivresain.over-blog.com
,contrepoints.org,astuce-du-jour.net
,contribuables.org,astucefammes.com
,cool-buzz.net,astucerie.net
,counterpunch.org,astuces-femmes.net
,culture-people.fr,astuces-hijab.com
,cyceon.com,astucesdesfemmes.com
,dailymail.co.uk,astucesnaturelles.net
,damocles.co,atabonnesante.fr
,demotivateur.fr,aujourd8.fr
,drudgereport.com,avortement.net
,ehtusaisquoi.net,ayoyeglobal.com
,enquete-debat.fr,barenakedislam.com
,etienne.chouard.free.fr,bataii.com
,express.co.uk,beforeitsnews.com
,fabiosa.fr,bellesalternatives.fr
,familysante.com,bellica.fr
,fdesouche.com,bestsante.co
,feroce.co,bestsante.com
,filteris.com,bestsante.org
,fimina.com,bfm-tv.com
,foxnews.com,blaguedunet.fr
,fr.novopress.info,borislelay.com
,fr.sputniknews.com,breizatao.com
,franbuzz.fr,breizh-info.com
,francais.rt.com,brujitafr.fr
,gentside.com,business.facebook.com/osonsrever.fr
,hitek.fr,businessbourse.com
,humourdemecs.com,buzz4net.com
,info24.fr,buzzdemois.com
,infochretienne.com,buzzdeouf.org
,infoetsecret.com,buzzfil.me
,infosswag.com,buzzfr.net
,ipsn.eu,buzzligne.com
,jeanmarcmorandini.com,buzzsantedejour.site
,jetaimemaman.co,buzzsurnet.com
,jssnews.com,buzztrucs.com
,lanutrition.fr,buzzutopia.co
,lastucerie.fr,ca-doit-se-savoir.fr
,lazappeuzefolle.over-blog.com,cadoitsesavoir.fr
,lebreviairedespatriotes.fr,cercledesvolontaires.fr
,lejournaldusiecle.com,cestfouca.fr
,lepetitbuzz.fr,cfouca.fr
,lepolitique.fr,chaoscontrole.canalblog.com
,les-crises.fr,chieuseatempcomplet.com
,leseconoclastes.fr,chieusetempcomplet.com
,lesmistinguettes.com,chieusetempscomplet.com
,lespipelettes.net,citoyens-et-francais.fr
,lesrepliques.com,citoyenveilleur.canalblog.com
,lesucre.com,civilwarineurope.com
,leweek.info,cnn-internationaledition.com
,loolbook.com,codescouples.com
,march-against-monsanto.com,coindubuzz.com
,meta.tv,commentaires.ch
,minute-hebdo.fr,conscience-du-peuple.blogspot.fr
,mondebuzz.net,consensus911.org/fr
,mondedutanks.com,corbettreport.com
,monopinionlibre.blogspot.fr,crazyplanet.net
,morandinisante.com,croa.fr
,myfunbuzz.ca,cuisine-et-sante.net
,nationspresse.info,daily-russia.com
,ndf.fr,dailynewsbin.com
,newvibe.ca,dansquelmondevit-on.fr
,nypost.com,dansquelmondeviton.fr
,occupydemocrats.com,davidicke.com
,ohmymag.com,dcposts.com
,ojim.fr,delaballe.info
,ooreka.fr/univers/sante,delitdimages.org
,organiclifestylemagazine.com,demicmedia.com
,other98.com,denverguardian.com
,oumma.com,denyaplus.com
,pausecafein.fr,dernieresnouvellesdudragon.blogspot.fr
,petitrepos.com,diatala.org
,pizzabottle.co,dieudosphere.com
,protegetasante.net,diktacratie.com
,quenelplus.com,disclose.tv
,quivo.co,disinfo.com
,radiocourtoisie.fr,docjeanno.fr
,revolutionpermanente.fr,dondevamos.canalblog.com
,rivarol.com,dreuz.info
,rt.com,echelledejacob.blogspot.com
,ruptly.tv/home,echelledejacob.blogspot.fr
,russeurope.hypotheses.org,eddenya.com
,sain-et-naturel.com,egaliteetreconciliation.fr
,sante-et-sport.com,elishean-aufeminin.com
,santeacademy.com,enbonnesante.org
,sputniknews.com,endingthefed.com
,thedisruptive.info,entre-mamans.fr
,theoriedugenre.fr,entre-mamans.org
,top-buzz.net,esprits-libres.fr
,topviraly.com,espritsciencemetaphysiques.com
,zone-astuce.com,etoui.fr
,valeursactuelles.com,eurocalifat.wordpress.com
,,europe-israel.org
,,euroscoop.fr
,,face2plouk.fr
,,fawkes-news.com
,,fluideracial.com
,,forum.doctissimo.fr
,,fox-news24.com
,,fr.ados.buzz
,,fr.awdnews.com
,,fr.metapedia.org
,,fr.realy-news-one.website
,,fr.sott.net
,,fr.whatsupic.com
,,francaisdefrance.wordpress.com
,,free.niooz.fr
,,freewiseman.com
,,globalresearch.ca
,,healthyandnaturalworld.com
,,henrymakow.wordpress.com
,,histoires-paranormales.fr
,,hollande-degage.fr
,,hollande-demission.fr
,,horsdevospenses0833.blogspot.fr
,,horsdevospenses12333.blogspot.fr
,,ilfattoquotidiano.fr
,,illuminati-news.com
,,illuminatiwatcher.com
,,in-storyletter.com
,,info-contre-info.fr
,,informaction.info
,,informationliberation.com
,,informations-en-direct-france.com
,,infos-bordeaux.fr
,,infos-toulouse.fr
,,infosmaintenant.net
,,infowars.com
,,initiativecitoyenne.be
,,interetpourtous.com
,,investigaction.net
,,islamisme.fr
,,ivg.net
,,je-suis-stupide-j-ai-vote-hollande.fr
,,jeanpaulney.com
,,jesoutienslapolice.com
,,jesuisfrancais.net
,,jeune-nation.com
,,jovanovic.com
,,jp-petit.org
,,kontrekulture.com
,,la-revue-de-presse.fr
,,la-suite-mobile.com
,,lafrance.co
,,lagauchematuer.fr
,,laminedinfos.fr
,,lapressegalactique.com
,,lastucieuse.com
,,laveritesurnotremonde.fr
,,lavraiedemocratie.org
,,le6emetiroir.blogspot.fr
,,lead.santenatureinnovation.com
,,leblogalupus.com
,,legorafaf.fr
,,legrandsoir.info
,,lelibrepenseur.org
,,lemagsante.fr
,,lemonde.co.il
,,lemonde24h.com
,,lengadoc-info.com
,,leral.net
,,lesalonbeige.blogs.com
,,lesalonbeige.fr
,,lesbrindherbes.org
,,leschroniquesderorschach.blogspot.fr
,,lescrutateur.com
,,leseum.com
,,lesmoutonsenrages.fr
,,lesmoutonsrebelles.com
,,lesobservateurs.ch
,,lesoir.info
,,letopdelhumour.fr
,,letribunaldunet.fr
,,libertytoday.net
,,libre-info.org
,,lifeands.com
,,linfonational.net
,,linfopopular.net
,,linsoumis.com
,,log.antipresse.net
,,macrondegage.com
,,madeinbelgium.me
,,magazine-du-net.com
,,magazine-du-net.net
,,malbarres.fr
,,medias-presse.info
,,meilleur.millennium-buzz.com
,,mensonges.fr/index.html
,,messagesdelanature.ek.la
,,michelcollon.info
,,minutebuzz.top
,,minutenews.fr
,,mk-polis2.eklablog.com
,,momentbuzz.com
,,monde.taibaweb.com
,,mondeamour.com
,,mondialisation.ca
,,morpheus.fr
,,myastuces.com
,,myjournal.fr
,,mysondage.fr
,,naturalnews.com
,,nbc.com.co
,,newzsentinel.com
,,nice-provence.info
,,nnettle.com
,,nodisinfo.com
,,nos-medias.fr
,,nosignalfound.fr
,,nosmedias.fr
,,nouvelordremondial.cc
,,nouvelordremondial.org
,,ns2017.wordpress.com
,,numidia-liberum.blogspot.com
,,nutranews.org
,,occidentalisme.com
,,ojobuzz.co
,,ojobuzz.fr
,,ojobuzz.top
,,onsaitcequonveutquonsache.com
,,onsaitcequonveutquonsache.fr
,,osons-rever.fr
,,osonsrever.fr
,,oulala.info
,,ouvrezloeil.net
,,ovniparanormal.over-blog.com
,,panamza.com
,,parisvox.info
,,parstoday.com/fr
,,partagetonbonheur.com
,,paslinfo.blogspot.fr
,,patriote.info
,,patriotes-encolere.com
,,payetonsmile.fr
,,pensee-libre.fr
,,penserlibrement.fr
,,people.bfmpro.com
,,petition-action.com
,,petitions.santenatureinnovation.com
,,peupledefrance.com
,,pilulerouge.over-blog.com
,,polemia.com
,,presidentielle-2017.info
,,presstv.ir
,,preuvesante.com
,,prev-sante.fr
,,professeur-joyeux.com
,,projectpurge.com
,,purfi.com
,,quebuzz.com
,,quel-monde.fr
,,radiochaton.com
,,recipesso.com
,,redstatewatcher.com
,,reinformation.tv
,,remedes-de-grands-meres.fr
,,reopen911.info
,,reptiliens.blogspot.fr
,,republique5.fr
,,reseauinternational.net
,,reseaulibre.org
,,reseausherlockholmes.net
,,resistanceauthentique.net
,,resistancerepublicaine.eu
,,reveillezvous.fr
,,revolutionvibratoire.fr
,,rhonealpesinfo.fr
,,ripostelaique.com
,,rumeursdabidjan.net
,,russia-insider.com
,,rustyjames.canalblog.com
,,sanslimitesn.com
,,sante-corps-esprit.com
,,sante-nutrition.org
,,santeici.com
,,santenatureinnovation.com
,,santeplusmag.com
,,santesos.com
,,scubalol.com
,,see-life.fr
,,seelife.fr
,,sinformerautrement.com
,,siteofficieldesjournalistes.com
,,smsdrole.com
,,sobuzzz.com
,,sott.net
,,stevequayle.com
,,stopmensonges.com
,,suavelos.eu
,,subjectpolitics.com
,,superastuces.co
,,surbuzz.net
,,svobtv.net
,,t0pibuzz.com
,,ta-sante.fr
,,tapnewswire.com
,,tfi-info.com
,,thegatewaypundit.com
,,themindunleashed.com
,,thepoliticalinsider.com
,,thespiritscience.net
,,thomasjoly.fr
,,tikbuzz.info
,,top-news.pw
,,topastuces.net
,,topdunet.org
,,topibuzz.com
,,topsante.net
,,tranchederire.fr
,,traqueursdelinfo.fr
,,troprigolo.fr
,,trucsettutos.com
,,truepundit.com
,,trumpers.online
,,trumpfast.info
,,truthkings.com
,,tusaisjetaime.com
,,tvlibertes.com
,,tweebuzz.net
,,tweebuzzz.com
,,unmonde2fou.fr
,,usanewsflash.com
,,usatodaycom.com
,,usatodaynews.me
,,vactruth.com
,,vieincroyable.com
,,vigilantcitizen.com
,,vivonsmieux.fr
,,voltairenet.org
,,wanted-pedo.com
,,whatdoesitmean.com
,,whatreallyhappened.com
,,wikistrike.com
,,worldtoday365.info
,,wuc-news.com
,,yannmerkado.com
,,yetiblog.org
,,yournewswire.com
,,zap-du-jour.net
,,zejournal.mobi
,,zerohedge.com
,,nordactu.fr
,,pluxactu.com
,,swagactu.com
,,worldactuality.com