orig_url,site_name
https://www.hebdi.com/,hebdi.com
http://www.rue89strasbourg.com,rue89strasbourg.com
https://www.revue-farouest.fr/,revue-farouest.fr
http://www.aqui.fr,aqui.fr
http://presselib.com/,presselib.com
http://www.nextinpact.com,nextinpact.com
http://rue89bordeaux.com/,rue89bordeaux.com
http://www.bobonnemagazine.com,bobonnemagazine.com
https://parislightsup.com,parislightsup.com
https://parisderriere.fr,parisderriere.fr
https://çameditsport.com/,çameditsport.com
https://www.contrepoints.org,contrepoints.org
https://www.lepoulpe.info/,lepoulpe.info
http://parlonsinfo.fr,parlonsinfo.fr
http://www.acteursdufrancoallemand.com/,acteursdufrancoallemand.com
https://leshorizons.net/,leshorizons.net
https://marcelle.media/,marcelle.media
https://www.lesinfosdupaysgallo.com/,lesinfosdupaysgallo.com
https://www.novastan.org/fr/,novastan.org
https://lemediapresse.fr,lemediapresse.fr
https://librinfo74.fr/,librinfo74.fr
https://lesglorieuses.fr/,lesglorieuses.fr
https://vert.la,vert.la
http://www.larrierecour.fr/,larrierecour.fr
http://le-crestois.fr/,le-crestois.fr
https://sans-filtre.fr/,sans-filtre.fr
https://www.forestopic.com,forestopic.com
https://tremolo-mag.com,tremolo-mag.com
https://www.chretiens.info/,chretiens.info
https://lescathos.com,lescathos.com
https://youmatter.world/fr,youmatter.world
https://podmust.com,podmust.com
https://urbania.fr/,urbania.fr
https://asiepacifique.fr/,asiepacifique.fr
http://linsatiable.org/,linsatiable.org
https://www.corsenetinfos.corsica/,corsenetinfos.corsica
https://www.tipandshaft.com/,tipandshaft.com
https://revusetcorriges.com/,revusetcorriges.com
https://www.generationphd.com/,generationphd.com
https://www.tchika.fr/,tchika.fr
http://www.jaipiscineavecsimone.com/,jaipiscineavecsimone.com
http://valgirardin.fr/,valgirardin.fr
https://www.impact-s.fr/,impact-s.fr
http://lesintelloes.com/,lesintelloes.com
https://demain-vendee.fr/,demain-vendee.fr
http://osonscauser.com/,osonscauser.com
http://lalettredumusicien.fr/,lalettredumusicien.fr
http://www.mediacoop.fr/,mediacoop.fr
http://www.zoomdici.fr,zoomdici.fr
http://www.info-chalon.com/,info-chalon.com
http://www.magcentre.fr/,magcentre.fr
http://www.factuel.info,factuel.info
http://www.macommune.info/,macommune.info
https://helloparisnewyork.com/,helloparisnewyork.com
https://www.agricity.fr/,agricity.fr
http://www.n3d.eu/,n3d.eu
http://www.opinion-internationale.com/,opinion-internationale.com
http://dechets-infos.com/,dechets-infos.com
http://www.design-fax.com/,design-fax.com
http://www.sans-a.org/,sans-a.org
http://www.croyancesetvilles.fr/,croyancesetvilles.fr
http://laicites.info/,laicites.info
http://www.media-pi.org/,media-pi.org
https://www.ernestmag.fr/,ernestmag.fr
http://www.horizondurable.info/,horizondurable.info
https://www.ekopo.fr/,ekopo.fr
https://beaview.fr/,beaview.fr
https://www.loopsider.com/fr/,loopsider.com
https://www.lescroissants.fr/,lescroissants.fr
https://culturebd.com/,culturebd.com
https://www.lesclesdudigital.fr/,lesclesdudigital.fr
http://jobsferic.fr/,jobsferic.fr
http://www.94.citoyens.com,94.citoyens.com
http://www.cogiterra.fr/,cogiterra.fr
http://www.indigo-net.com/,indigo-net.com
http://www.arretsurimages.net,arretsurimages.net
http://www.artshebdomedias.com/,artshebdomedias.com
http://www.autoactu.com,autoactu.com
http://www.courrierdesbalkans.fr/,courrierdesbalkans.fr
http://www.bastamag.net/,bastamag.net
http://www.bruxelles2.eu,bruxelles2.eu
http://www.cafebabel.com,cafebabel.com
http://www.causeur.fr,causeur.fr
http://www.contexte.com,contexte.com
http://www.essonneinfo.fr,essonneinfo.fr
http://www.gerantdesarl.com,gerantdesarl.com
http://www.greenunivers.com,greenunivers.com
http://www.habitat-collectivites-locales.info/,habitat-collectivites-locales.info
http://www.labourseetlavie.com,labourseetlavie.com
http://www.latelelibre.fr,latelelibre.fr
http://www.latribunedelart.com,latribunedelart.com
http://www.lefilfrancorusse.fr,lefilfrancorusse.fr
http://www.lesnouvellesnews.fr,lesnouvellesnews.fr
http://www.mediapart.fr,mediapart.fr
http://www.miroirsocial.com,miroirsocial.com
http://www.moto-net.com,moto-net.com
http://www.news-assurances.com,news-assurances.com
http://www.pagedeslibraires.fr,pagedeslibraires.fr
http://www.planetlabor.com,planetlabor.com
http://www.polkalive.com,polkalive.com
http://www.quechoisir.org,quechoisir.org
http://www.reflets.info,reflets.info
http://www.satellifax.com,satellifax.com
http://www.streetpress.com,streetpress.com
http://temoignagechretien.fr/,temoignagechretien.fr
http://www.touteduc.fr,touteduc.fr
http://www.toutelaculture.com,toutelaculture.com
http://www.worldcrunch.com,worldcrunch.com
http://www.reporterre.net/,reporterre.net
http://www.mobilettre.com/,mobilettre.com
http://artsixmic.fr,artsixmic.fr
http://alimentation-generale.fr/,alimentation-generale.fr
http://brief.me/,brief.me
http://www.voxeurop.eu/fr,voxeurop.eu
http://www.lejournalminimal.fr/,lejournalminimal.fr
https://www.disclose.media/fr/,disclose.media
http://www.nuitetjour.xyz/,nuitetjour.xyz
http://www.lesjours.fr/,lesjours.fr
http://la-bas.org/,la-bas.org
http://www.lezephyrmag.com/,lezephyrmag.com
http://www.apmnews.com,apmnews.com
http://www.mediatico.fr/,mediatico.fr
http://www.philomag.com/,philomag.com
http://orientxxi.info/,orientxxi.info
http://www.al-kanz.org/,al-kanz.org
http://lasrg.fr,lasrg.fr
http://madeinperpignan.com,madeinperpignan.com
http://www.tvsud.fr/,tvsud.fr
http://www.agglo.tv/,agglo.tv
https://ledoc-info.com/,ledoc-info.com
https://medialot.fr/,medialot.fr
http://www.touleco.fr,touleco.fr
http://www.dailynord.fr,dailynord.fr
http://www.lalettreferroviaire.fr/,lalettreferroviaire.fr
http://www.guyaweb.com,guyaweb.com
http://www.zinfos974.com/,zinfos974.com
http://www.marsactu.fr/,marsactu.fr
https://www.switchonpaper.com/,switchonpaper.com
http://www.frequence-sud.fr,frequence-sud.fr
http://www.leravi.org/,leravi.org
https://www.ouest-var.net/,ouest-var.net
http://www.tourmag.com,tourmag.com
http://www.destinationsante.com,destinationsante.com
https://8e-etage.fr,8e-etage.fr
http://www.lyonmag.com/,lyonmag.com
http://www.lesportdauphinois.com,lesportdauphinois.com
https://www.jeudegolf.org/,jeudegolf.org
http://www.aerobuzz.fr,aerobuzz.fr
http://www.enviscope.com,enviscope.com
http://www.rue89lyon.fr,rue89lyon.fr
http://www.placegrenet.fr/,placegrenet.fr
http://www.lecrieur.net/,lecrieur.net
http://www.achatpublic.info,achatpublic.info
http://www.acrimed.org,acrimed.org
http://www.action-agricole-picarde.com,action-agricole-picarde.com
http://www.actualitesdudroit.fr,actualitesdudroit.fr
http://www.actusoins.com,actusoins.com
http://www.acuite.fr,acuite.fr
https://affichesallier.org,affichesallier.org
http://www.agri-city.info,agri-city.info
http://www.agri53.fr,agri53.fr
http://agri71.fr,agri71.fr
http://www.angersmag.info,angersmag.info
http://www.apostrophe45.fr,apostrophe45.fr
http://www.armenews.com,armenews.com
https://www.associationmodeemploi.fr,associationmodeemploi.fr
http://www.assurbanque20.fr,assurbanque20.fr
http://www.basketusa.com,basketusa.com
http://www.bleu-tomate.fr,bleu-tomate.fr
http://www.bondyblog.fr,bondyblog.fr
http://www.bouddhanews.fr,bouddhanews.fr
http://www.brefeco.com,brefeco.com
http://www.busetcar.com,busetcar.com
http://www.business-digest.eu,business-digest.eu
http://www.bvoltaire.fr,bvoltaire.fr
https://www.catnat.net/,catnat.net
http://www.cbanque.com,cbanque.com
http://www.cbnews.fr,cbnews.fr
http://www.centre-presse.fr,centre-presse.fr
http://www.challenges.fr,challenges.fr
http://www.chasseurna.com,chasseurna.com
https://www.chine-magazine.com,chine-magazine.com
https://clermont-sports.fr,clermont-sports.fr
http://www.coelio-surgery.com,coelio-surgery.com
https://www.concurrences.com/,concurrences.com
http://www.conspiracywatch.info,conspiracywatch.info
http://www.courrierdegironde.fr,courrierdegironde.fr
http://www.diabetologie-pratique.com,diabetologie-pratique.com
https://www.directions.fr,directions.fr
http://www.disclose.ngo,disclose.ngo
http://www.distributique.com,distributique.com
http://www.dossierfamilial.com,dossierfamilial.com
http://www.droit-patrimoine.fr,droit-patrimoine.fr
https://www.e-cigmag.com,e-cigmag.com
http://www.ecommercemag.fr,ecommercemag.fr
http://www.edp-dentaire.fr,edp-dentaire.fr
http://www.ehpapresse.fr,ehpapresse.fr
http://www.energiesdelamer.eu,energiesdelamer.eu
http://www.esaim-cocv.org,esaim-cocv.org
http://www.esaim-m2an.org,esaim-m2an.org
http://www.espace-social.com,espace-social.com
http://www.estrepublicain.fr,estrepublicain.fr
http://www.eure-agricole.fr,eure-agricole.fr
http://www.fdlm.org,fdlm.org
https://www.filfax.com,filfax.com
http://www.finance-gestion.com,finance-gestion.com
http://www.financierterritorial.fr,financierterritorial.fr
https://www.forbes.fr,forbes.fr
http://www.force-ouvriere.fr,force-ouvriere.fr
http://www.francelive.fr,francelive.fr
http://www.gameblog.fr,gameblog.fr
https://www.gazettenpdc.fr,gazettenpdc.fr
http://www.gazettesports.fr,gazettesports.fr
http://genieclimatique.fr,genieclimatique.fr
http://www.geometre-lemag.fr,geometre-lemag.fr
http://www.guadeloupe.franceantilles.fr,guadeloupe.franceantilles.fr
http://www.guide-familial.fr,guide-familial.fr
https://www.hautanjou.com,hautanjou.com
https://www.healthandtech.eu,healthandtech.eu
https://heraultjuridique.com,heraultjuridique.com
http://www.horizons-journal.fr,horizons-journal.fr
http://horizons-therapies.com,horizons-therapies.com
http://www.humanite.fr,humanite.fr
https://www.ideal-investisseur.fr,ideal-investisseur.fr
http://ideat.thegoodhub.com,ideat.thegoodhub.com
http://www.igen.fr,igen.fr
http://www.info-fpt.fr,info-fpt.fr
http://www.intelligenceonline.com,intelligenceonline.com
http://www.ipreunion.com,ipreunion.com
http://www.jeuneafrique.com,jeuneafrique.com
http://www.jourdegalop.com,jourdegalop.com
http://www.journaldelenvironnement.net,journaldelenvironnement.net
http://www.journallamarne.fr,journallamarne.fr
https://www.journalpetitpont.fr,journalpetitpont.fr
http://www.jss.fr,jss.fr
http://www.kaizen-magazine.fr,kaizen-magazine.fr
http://www.komitid.fr,komitid.fr
http://www.la-zep.fr,la-zep.fr
https://www.labecedaire.fr,labecedaire.fr
http://www.labeilledelaternoise.fr,labeilledelaternoise.fr
http://www.lachampagneviticole.fr,lachampagneviticole.fr
http://www.lachroniquebtp.com,lachroniquebtp.com
https://www.lacommere43.fr,lacommere43.fr
http://www.lagazettedemontpellier.fr,lagazettedemontpellier.fr
http://www.lagri.fr/,lagri.fr
http://www.lalettrea.fr,lalettrea.fr
https://lalettrechrchd.fr,lalettrechrchd.fr
http://www.lamanchelibre.fr,lamanchelibre.fr
http://www.laplainedesvosgesinfo.fr,laplainedesvosgesinfo.fr
https://www.lapostille.fr,lapostille.fr
http://larenaissanceduloiretcher.fr/,larenaissanceduloiretcher.fr
https://www.laselectiondujour.com,laselectiondujour.com
https://www.latribunerepublicaine.fr/,latribunerepublicaine.fr
http://www.lavenirdelartois.fr,lavenirdelartois.fr
http://www.laviecommunale-actualites.fr,laviecommunale-actualites.fr
https://www.lavoixdelahautemarne.fr/,lavoixdelahautemarne.fr
https://lecafedugeek.fr,lecafedugeek.fr
http://lecho-circulaire.com,lecho-circulaire.com
https://www.lechorepublicain.fr,lechorepublicain.fr
https://ledrenche.fr,ledrenche.fr
http://www.lejournaldesflandres.fr,lejournaldesflandres.fr
https://www.lelegis.fr,lelegis.fr
http://www.lemonde.fr,lemonde.fr
http://www.lemondedesartisans.fr,lemondedesartisans.fr
http://www.lemondeinformatique.fr,lemondeinformatique.fr
http://www.lepelican-journal.com,lepelican-journal.com
https://www.leprobant.fr,leprobant.fr
https://www.lequotidiendelart.com,lequotidiendelart.com
http://www.lereveildeberck.fr,lereveildeberck.fr
http://www.lesessentielsactu.com,lesessentielsactu.com
http://www.lesinrocks.com,lesinrocks.com
https://www.lesnumeriques.com,lesnumeriques.com
https://www.lessor38.fr,lessor38.fr
https://www.leveil.fr,leveil.fr
http://www.lexbase.fr,lexbase.fr
http://lezebre.info,lezebre.info
http://www.liaisons-sociales.fr,liaisons-sociales.fr
http://www.libertebonhomme.fr,libertebonhomme.fr
https://www.lindependant.net,lindependant.net
http://www.livreshebdo.fr,livreshebdo.fr
https://www.lobservateurdebeauvais.fr/,lobservateurdebeauvais.fr
http://www.lodiari.com,lodiari.com
https://loire-atlantique-agricole.fr,loire-atlantique-agricole.fr
http://loractu.fr,loractu.fr
http://www.lsa-conso.fr,lsa-conso.fr
http://ludomag.com,ludomag.com
http://www.lunion-cantal.com,lunion-cantal.com
http://www.madeinfoot.com,madeinfoot.com
http://www.magjournal77.fr,magjournal77.fr
https://www.mairiexpertactu.fr,mairiexpertactu.fr
http://www.maxifoot.fr,maxifoot.fr
https://mazette.media/,mazette.media
http://www.medecinesciences.org,medecinesciences.org
https://media-pi.fr/,media-pi.fr
http://www.meretmarine.com,meretmarine.com
https://www.minuitsport.fr/,minuitsport.fr
https://mondaynote.com,mondaynote.com
http://www.monde-diplomatique.fr,monde-diplomatique.fr
http://www.monquotidienautrement.com,monquotidienautrement.com
http://www.mpe-media.com,mpe-media.com
http://www.mytoc.fr,mytoc.fr
http://www.n-pi.fr,n-pi.fr
http://www.narthex.fr,narthex.fr
https://www.natura-sciences.com/,natura-sciences.com
https://www.nouvelobs.com/,nouvelobs.com
https://www.nss-journal.org/fr,nss-journal.org
http://www.objectifgard.com,objectifgard.com
https://www.ourscom.fr,ourscom.fr
http://pan-african-music.com,pan-african-music.com
http://paramag.fr,paramag.fr
http://www.paris-turf.com,paris-turf.com
http://www.paysansdelaloire.fr,paysansdelaloire.fr
http://www.paysantarnais.com,paysantarnais.com
http://www.pedagogie-medicale.org,pedagogie-medicale.org
https://www.petitesaffiches.fr,petitesaffiches.fr
https://www.peuple-libre.fr/,peuple-libre.fr
http://www.politis.fr,politis.fr
https://www.pourleco.com,pourleco.com
http://www.pourparlers.eu,pourparlers.eu
http://www.premiere.fr,premiere.fr
http://www.programme-television.org,programme-television.org
http://www.quotidiendutourisme.com,quotidiendutourisme.com
http://www.radioprotection.org,radioprotection.org
https://raids.fr,raids.fr
http://www.rairo-ita.org,rairo-ita.org
http://www.reference-environnement.com,reference-environnement.com
http://www.regardschine.com,regardschine.com
http://remiremontinfo.fr,remiremontinfo.fr
https://www.reussirmavie.net,reussirmavie.net
https://www.revue-elements.com/,revue-elements.com
http://revuefiduciaire.grouperf.com,revuefiduciaire.grouperf.com
http://rfcomptable.grouperf.com,rfcomptable.grouperf.com
https://www.robert-schuman.eu,robert-schuman.eu
http://www.rtl.fr,rtl.fr
http://www.rustica.fr,rustica.fr
http://www.saphirnews.com,saphirnews.com
http://www.semences-et-progres.fr,semences-et-progres.fr
https://www.society-magazine.fr,society-magazine.fr
http://www.sonovision.com,sonovision.com
http://www.sowhat-magazine.fr,sowhat-magazine.fr
http://www.sportstrategies.com,sportstrategies.com
https://www.tabletteslorraines.fr,tabletteslorraines.fr
http://www.temoignages.re,temoignages.re
http://www.tendanceouest.com,tendanceouest.com
http://www.terredevins.com,terredevins.com
https://www.thiate.fr,thiate.fr
http://www.tpbm-presse.com,tpbm-presse.com
http://traxmag.com,traxmag.com
https://www.tribune-auto-ecoles.fr,tribune-auto-ecoles.fr
http://www.tribunedelyon.fr,tribunedelyon.fr
http://www.unidivers.fr,unidivers.fr
http://www.union-agricole.fr,union-agricole.fr
https://vendee-agricole.fr,vendee-agricole.fr
http://www.vie-charentaise.fr,vie-charentaise.fr
http://www.ville-rail-transports.com,ville-rail-transports.com
http://www.viva.presse.fr,viva.presse.fr
http://www.voici.fr,voici.fr
http://www.wansquare.com,wansquare.com
https://www.warning-trading.com,warning-trading.com
http://zevillage.net,zevillage.net
http://www.01net.com,01net.com
https://www.1jour1actu.com,1jour1actu.com
http://www.24matins.fr,24matins.fr
https://www.50-50magazine.fr/,50-50magazine.fr
http://www.9emeart.fr,9emeart.fr
http://www.a-block.fr,a-block.fr
https://actu.fr,actu.fr
http://www.actu.nc,actu.nc
http://actuel-hse.fr,actuel-hse.fr
http://www.actuel-rh.fr,actuel-rh.fr
http://www.affiches-parisiennes.com,affiches-parisiennes.com
http://www.agriculteur-charentais.fr,agriculteur-charentais.fr
http://www.agriculture-dromoise.fr,agriculture-dromoise.fr
http://aleteia.org,aleteia.org
http://www.algerparis.fr,algerparis.fr
http://www.alouette.fr,alouette.fr
http://www.alterecoplus.fr,alterecoplus.fr
http://www.alternativesante.fr,alternativesante.fr
http://www.alterpresse68.info,alterpresse68.info
http://www.amc-archi.com,amc-archi.com
http://www.anjou-agricole.com,anjou-agricole.com
https://aoc.media,aoc.media
https://www.apmhealtheurope.com,apmhealtheurope.com
https://www.auto-infos.fr,auto-infos.fr
http://www.aveniragricole.fr,aveniragricole.fr
http://axonais.fr/,axonais.fr
http://ballroom-revue.net/,ballroom-revue.net
https://www.beauxarts.com,beauxarts.com
http://www.books.fr,books.fr
http://www.business-cool.com,business-cool.com
http://www.capital.fr,capital.fr
http://www.cfnews.net,cfnews.net
http://www.chantiersdefrance.fr,chantiersdefrance.fr
http://cheekmagazine.fr,cheekmagazine.fr
http://www.chefdentreprise.com,chefdentreprise.com
http://www.connexiontt.com,connexiontt.com
http://www.constructioncayola.com,constructioncayola.com
http://www.consultor.fr,consultor.fr
http://creuse-agricole.com,creuse-agricole.com
https://culturebiz.fr,culturebiz.fr
http://www.dataanalyticspost.com,dataanalyticspost.com
http://www.decision-achats.fr,decision-achats.fr
http://www.deplacementspros.com,deplacementspros.com
https://www.devizu.news,devizu.news
http://docteurimago.fr,docteurimago.fr
http://www.echoidf.fr,echoidf.fr
http://www.eco-bretons.info,eco-bretons.info
https://ecomnews.fr,ecomnews.fr
http://ecomnewsmed.com,ecomnewsmed.com
http://www.economiesociale.com,economiesociale.com
http://www.editionscdp.fr,editionscdp.fr
http://www.electroniques.biz,electroniques.biz
http://www.elnet.fr,elnet.fr
http://www.em-consulte.com,em-consulte.com
https://www.en-attendant-nadeau.fr/,en-attendant-nadeau.fr
http://www.espaceinfirmier.fr,espaceinfirmier.fr
http://etbaam.com,etbaam.com
http://www.etp-journal.org,etp-journal.org
https://www.europavox.com,europavox.com
https://www.explicite.info,explicite.info
http://www.fil-social.com,fil-social.com
http://www.filieresport.com,filieresport.com
http://www.footmercato.net,footmercato.net
http://www.forks.fr,forks.fr
http://www.france24.com,france24.com
http://www.franceroutes.fr,franceroutes.fr
http://fusions-acquisitions.fr,fusions-acquisitions.fr
https://www.gamekult.com,gamekult.com
https://gastronomie-actu.com/,gastronomie-actu.com
http://www.gazette-ariegeoise.fr,gazette-ariegeoise.fr
http://www.gazetteoise.fr,gazetteoise.fr
http://www.gazettevaldoise.fr,gazettevaldoise.fr
http://www.generation-nt.com,generation-nt.com
http://www.guitariste.com,guitariste.com
https://www.hematoalaune.fr,hematoalaune.fr
http://www.herodote.net,herodote.net
https://hizy.org,hizy.org
https://i-tpe.info,i-tpe.info
http://www.info-tours.fr,info-tours.fr
http://infodujour.fr,infodujour.fr
http://www.infoprotection.fr,infoprotection.fr
https://www.information-dentaire.fr,information-dentaire.fr
http://www.institinvest.com,institinvest.com
http://interetsprives.grouperf.com,interetsprives.grouperf.com
https://www.intermed-publishing.com,intermed-publishing.com
https://www.jeuneafriquebusinessplus.com,jeuneafriquebusinessplus.com
http://www.journal-aviation.com,journal-aviation.com
http://www.kariculture.net,kariculture.net
http://www.ks-mag.com,ks-mag.com
http://www.l-echo.info,l-echo.info
http://www.l-eco.fr,l-eco.fr
http://www.lafranceagricole.fr,lafranceagricole.fr
http://www.lagazettedenimes.fr,lagazettedenimes.fr
http://www.lagedefaire-lejournal.fr,lagedefaire-lejournal.fr
http://lalterego.fr,lalterego.fr
http://www.lantenne.com,lantenne.com
http://www.lardennais.fr,lardennais.fr
http://www.larepubliquedespyrenees.fr,larepubliquedespyrenees.fr
http://www.largus.fr,largus.fr
https://www.lasemaine.fr/,lasemaine.fr
http://www.lasemainedespyrenees.fr,lasemainedespyrenees.fr
http://www.latribuneauto.com,latribuneauto.com
https://www.lautrequotidien.fr,lautrequotidien.fr
https://www.le-tout-lyon.fr,le-tout-lyon.fr
https://lea.fr,lea.fr
https://www.lebec.info/,lebec.info
https://www.lebonhommepicard.fr/,lebonhommepicard.fr
http://www.lechommerces.fr,lechommerces.fr
http://www.lecourriercauchois.fr,lecourriercauchois.fr
https://www.lecourrierderussie.com/,lecourrierderussie.com
https://www.lecourrierdhirson.fr/,lecourrierdhirson.fr
https://www.ledemocratedebergerac.fr/,ledemocratedebergerac.fr
http://www.lefaucigny.fr,lefaucigny.fr
http://www.lefigaro.fr,lefigaro.fr
http://www.lejdc.fr,lejdc.fr
https://www.lejournaldelaxeseine.fr/,lejournaldelaxeseine.fr
https://www.lemessager.fr/,lemessager.fr
http://www.lemoci.com,lemoci.com
http://www.lemondedelaphoto.com,lemondedelaphoto.com
http://www.lemoniteur.fr,lemoniteur.fr
http://www.leparisien.fr,leparisien.fr
http://www.lepoint.fr,lepoint.fr
http://www.lerevenu.com,lerevenu.com
http://www.lesecransterribles.com,lesecransterribles.com
http://www.lessor.org,lessor.org
http://www.lest-eclair.fr,lest-eclair.fr
http://www.lettreducadre.fr,lettreducadre.fr
https://www.leweborateur.fr,leweborateur.fr
http://www.lhebdo17.com,lhebdo17.com
http://www.lineaires.com,lineaires.com
http://www.lobservateur.fr,lobservateur.fr
http://www.lopinion.fr,lopinion.fr
http://www.lyon-entreprises.com,lyon-entreprises.com
https://www.marieclaire.fr,marieclaire.fr
http://www.materielagricole.info,materielagricole.info
http://maze.fr,maze.fr
http://www.mediacites.fr,mediacites.fr
http://www.mediakwest.com,mediakwest.com
https://www.melty.fr/,melty.fr
http://www.meridienmag.fr,meridienmag.fr
http://www.mobilitesmagazine.com,mobilitesmagazine.com
http://www.mon-cultivar-elevage.com,mon-cultivar-elevage.com
http://www.montelimar-news.fr,montelimar-news.fr
http://www.musique-journal.fr,musique-journal.fr
http://www.nordsports-mag.fr,nordsports-mag.fr
https://www.nouvelle-quinzaine-litteraire.fr,nouvelle-quinzaine-litteraire.fr
http://www.npi-magazine.com,npi-magazine.com
http://www.nrp-lycee.com,nrp-lycee.com
http://outremers360.com,outremers360.com
http://www.parents.fr,parents.fr
http://www.paris-normandie.fr,paris-normandie.fr
http://www.paysan-breton.fr,paysan-breton.fr
http://www.petitbleu.fr,petitbleu.fr
https://www.pharedere.com,pharedere.com
http://www.photoniques.com,photoniques.com
https://www.pretadeguster.fr,pretadeguster.fr
https://putsch.media,putsch.media
https://radioparleur.net/,radioparleur.net
http://www.radioscoop.com,radioscoop.com
http://www.rdv-photos.com,rdv-photos.com
https://www.reforme.net,reforme.net
https://www.regionsmagazine.com,regionsmagazine.com
http://www.relationclientmag.fr,relationclientmag.fr
http://www.republicain-lorrain.fr,republicain-lorrain.fr
http://www.restauration21.fr,restauration21.fr
http://www.revue-alimentation-animale.fr,revue-alimentation-animale.fr
https://www.revue-experts.com,revue-experts.com
http://www.revuedesdeuxmondes.fr,revuedesdeuxmondes.fr
http://rsf.org,rsf.org
http://ruptures-presse.fr,ruptures-presse.fr
http://sans-transition-magazine.info,sans-transition-magazine.info
http://www.santemagazine.fr,santemagazine.fr
https://www.sdbpro.fr/,sdbpro.fr
http://www.semeur.com,semeur.com
http://www.sep-news.com,sep-news.com
http://www.sofilm.fr,sofilm.fr
http://www.surfsession.com,surfsession.com
http://www.telerama.fr,telerama.fr
http://www.terredauphinoise.fr,terredauphinoise.fr
http://www.terres-ariege.fr,terres-ariege.fr
https://terres-et-territoires.com,terres-et-territoires.com
https://theconversation.com/fr,theconversation.com
https://www.toutsurmesfinances.com,toutsurmesfinances.com
https://www.tradingsat.com,tradingsat.com
http://www.universimmo.com,universimmo.com
http://www.valeursactuelles.com,valeursactuelles.com
http://www.varmatin.com,varmatin.com
http://www.vendeeinfo.fr/,vendeeinfo.fr
https://visionarymarketing.com,visionarymarketing.com
https://vivreparis.fr,vivreparis.fr
https://vl-media.fr,vl-media.fr
http://www.voyagesetgroupe.com,voyagesetgroupe.com
http://www.wk-rh.fr,wk-rh.fr
https://www.yoga-magazine.fr,yoga-magazine.fr
http://www.20minutes.fr,20minutes.fr
https://www.7joursaclermont.fr,7joursaclermont.fr
https://www.7mag.re/,7mag.re
https://www.7x7.press,7x7.press
http://www.aanda.org,aanda.org
http://www.actu-environnement.com,actu-environnement.com
http://www.actu-juridique.fr,actu-juridique.fr
http://actu.dalloz-etudiant.fr,actu.dalloz-etudiant.fr
https://www.actualitte.com/,actualitte.com
http://www.actuel-ce.fr,actuel-ce.fr
https://www.aerospatium.info,aerospatium.info
http://www.africaintelligence.com,africaintelligence.com
http://www.afrik-foot.com,afrik-foot.com
http://www.agefiactifs.com,agefiactifs.com
http://www.agri79.fr,agri79.fr
https://agribourgogne.fr,agribourgogne.fr
https://www.air-journal.fr,air-journal.fr
https://www.alsasports.fr,alsasports.fr
http://www.argusdelassurance.com,argusdelassurance.com
http://www.ariegenews.com,ariegenews.com
http://www.atlantico.fr,atlantico.fr
http://www.auto-mag.fr,auto-mag.fr
http://www.avenir-aquitain.com,avenir-aquitain.com
http://www.bebasket.fr,bebasket.fr
https://belleileentreprises.com/,belleileentreprises.com
http://www.bikelive.com,bikelive.com
http://www.biotechinfo.fr,biotechinfo.fr
http://www.boursier.com,boursier.com
http://www.bretagne-actuelle.com,bretagne-actuelle.com
https://www.brief.eco,brief.eco
http://www.charentelibre.fr,charentelibre.fr
https://charliehebdo.fr,charliehebdo.fr
http://www.cio-online.com,cio-online.com
http://www.circuits-culture.com,circuits-culture.com
https://cities.newstank.fr,cities.newstank.fr
https://www.closermag.fr,closermag.fr
http://www.cnetfrance.fr,cnetfrance.fr
http://www.coiffuredeparis.fr,coiffuredeparis.fr
http://www.controles-essais-mesures.fr,controles-essais-mesures.fr
http://www.cosmetiquemag.fr,cosmetiquemag.fr
http://www.courrierdesmaires.fr,courrierdesmaires.fr
http://www.courrierinternational.com,courrierinternational.com
http://culture.newstank.fr,culture.newstank.fr
https://www.curieux.live,curieux.live
http://www.dechetcom.com,dechetcom.com
https://decisionboissons.fr/,decisionboissons.fr
http://decryptageo.fr,decryptageo.fr
https://deontofi.com,deontofi.com
http://destimed.fr,destimed.fr
https://www.distribinvest.com,distribinvest.com
https://www.dordognelibre.fr/,dordognelibre.fr
http://www.echo-drome-ardeche.com,echo-drome-ardeche.com
http://www.echoduberry.fr,echoduberry.fr
http://www.ecobretagne.com,ecobretagne.com
http://www.edimark.fr,edimark.fr
http://www.efl.fr,efl.fr
http://www.egora.fr,egora.fr
http://www.elcafelatino.org,elcafelatino.org
http://electronlibre.info,electronlibre.info
http://www.enlargeyourparis.fr,enlargeyourparis.fr
http://www.entraid.com,entraid.com
http://www.entreprise.news,entreprise.news
http://www.environnement-magazine.fr,environnement-magazine.fr
https://www.envolmedical.com,envolmedical.com
https://www.essentiel-sante-magazine.fr,essentiel-sante-magazine.fr
https://www.est-agricole.com,est-agricole.com
http://www.famillechretienne.fr,famillechretienne.fr
http://www.femmeactuelle.fr,femmeactuelle.fr
http://www.fildp.fr,fildp.fr
http://www.filiere-3e.fr,filiere-3e.fr
http://filys.fr,filys.fr
https://www.footamateur.fr,footamateur.fr
http://football.newstank.eu,football.newstank.eu
http://www.franceguyane.fr,franceguyane.fr
https://www.futuribles.com,futuribles.com
http://www.gazettebourgogne.fr,gazettebourgogne.fr
http://www.gazettemoselle.fr,gazettemoselle.fr
http://www.gazettenormandie.fr,gazettenormandie.fr
http://www.geoado.com,geoado.com
https://www.handicap.fr/,handicap.fr
http://www.hepatonews.com,hepatonews.com
http://www.immoweek.fr,immoweek.fr
https://www.industrie-techno.com,industrie-techno.com
http://www.info-socialrh.com,info-socialrh.com
http://www.infochretienne.com,infochretienne.com
http://www.infogm.org,infogm.org
http://www.jamag.fr,jamag.fr
http://www.japoninfos.com,japoninfos.com
https://www.jdpsychologues.fr,jdpsychologues.fr
http://www.jim.fr,jim.fr
http://www.jle.com,jle.com
https://www.journal-du-btp.com,journal-du-btp.com
http://www.lacuisinepro.fr,lacuisinepro.fr
http://www.ladepeche.fr,ladepeche.fr
http://www.lainagricole.fr,lainagricole.fr
http://www.lalettredelassurance.com,lalettredelassurance.com
http://www.lamaurienne.fr,lamaurienne.fr
http://laminutepositive.com,laminutepositive.com
https://www.lassmat.fr,lassmat.fr
https://www.lavoixdelain.fr/,lavoixdelain.fr
https://www.le-littoral.com,le-littoral.com
https://le10sport.com,le10sport.com
http://le1hebdo.fr,le1hebdo.fr
https://www.lechef.com,lechef.com
http://www.lechodelalys.fr,lechodelalys.fr
http://www.ledauphine.com,ledauphine.com
http://www.lefilmfrancais.com,lefilmfrancais.com
http://www.legeneraliste.fr,legeneraliste.fr
https://lejournaldemayotte.yt,lejournaldemayotte.yt
http://www.lejournaldessables.fr,lejournaldessables.fr
https://www.lejournaldici.com,lejournaldici.com
http://www.lejournaltoulousain.fr,lejournaltoulousain.fr
http://www.lemoniteur77.com,lemoniteur77.com
http://www.lepaysbriard.fr,lepaysbriard.fr
https://www.lepaysgessien.fr/,lepaysgessien.fr
http://www.lepetitjournal.net,lepetitjournal.net
http://www.lequotidiendumedecin.fr,lequotidiendumedecin.fr
http://www.lerepublicain.net,lerepublicain.net
http://www.leresistant.fr,leresistant.fr
http://www.lesechos.fr,lesechos.fr
https://www.lessor42.fr,lessor42.fr
https://www.lessor69.fr,lessor69.fr
http://www.letarnlibre.com,letarnlibre.com
http://www.lettredesachats.com,lettredesachats.com
http://www.letudiant.fr,letudiant.fr
http://www.lexalerte.fr,lexalerte.fr
http://www.lextimes.fr,lextimes.fr
http://www.lien-social.com,lien-social.com
https://limprevu.fr,limprevu.fr
https://www.linfodurable.fr,linfodurable.fr
http://www.lnc.nc,lnc.nc
https://www.lokko.fr/,lokko.fr
http://www.lunion.fr,lunion.fr
http://www.lyonne.fr,lyonne.fr
http://www.madamsport.fr,madamsport.fr
http://madeinmarseille.net,madeinmarseille.net
http://www.magaviron.fr,magaviron.fr
http://www.makery.info,makery.info
https://www.marianne.net,marianne.net
http://www.mattech-journal.org,mattech-journal.org
http://www.mediabask.eus,mediabask.eus
http://www.mediscoop.net,mediscoop.net
http://www.metronews.fr,metronews.fr
http://www.metropolitiques.eu,metropolitiques.eu
https://www.mindfintech.fr,mindfintech.fr
http://www.mindhealth.fr,mindhealth.fr
http://www.mindnews.fr,mindnews.fr
http://www.montagnenews.fr,montagnenews.fr
http://multinationales.org,multinationales.org
http://www.mutualistes.com,mutualistes.com
http://www.my-angers.info,my-angers.info
https://www.newsassurancespro.com,newsassurancespro.com
http://www.nordlittoral.fr,nordlittoral.fr
http://www.notretemps.com,notretemps.com
http://www.nrp-college.com,nrp-college.com
https://www.nrpyrenees.fr/,nrpyrenees.fr
https://www.observalgerie.com/,observalgerie.com
http://www.oise-agricole.fr,oise-agricole.fr
http://www.olivieranger.com,olivieranger.com
http://www.optimistemagazine.fr,optimistemagazine.fr
http://www.pediatrie-pratique.com,pediatrie-pratique.com
https://www.picardiegazette.fr,picardiegazette.fr
http://www.plm-magazine.com,plm-magazine.com
http://www.pourlascience.fr,pourlascience.fr
https://www.pourquoidocteur.fr,pourquoidocteur.fr
https://presse-evasion.fr,presse-evasion.fr
http://www.profession-spectacle.com,profession-spectacle.com
https://province-courses.fr,province-courses.fr
http://www.public.fr,public.fr
https://www.rebellissime.com,rebellissime.com
https://remiremontvallees.com,remiremontvallees.com
http://www.reussir.fr,reussir.fr
http://www.reussirleperigord.fr,reussirleperigord.fr
http://www.revue-banque.fr,revue-banque.fr
http://www.rfi.fr,rfi.fr
http://rfpaye.grouperf.com,rfpaye.grouperf.com
https://rh.newstank.fr,rh.newstank.fr
http://www.rsedatanews.net,rsedatanews.net
http://www.sante-et-travail.fr,sante-et-travail.fr
http://www.sante-rh.fr,sante-rh.fr
https://www.santelog.com,santelog.com
https://www.science-et-vie.com,science-et-vie.com
http://www.social-expert.com,social-expert.com
http://www.sourdoreille.net,sourdoreille.net
https://spheresmagazine.com/,spheresmagazine.com
https://sport.newstank.fr,sport.newstank.fr
http://www.supplychainmagazine.fr,supplychainmagazine.fr
http://www.telecablesat.fr,telecablesat.fr
http://www.telestar.fr,telestar.fr
http://www.terre-net.fr,terre-net.fr
http://www.terredactu.com,terredactu.com
http://www.tomatonews.com,tomatonews.com
http://www.touteleurope.eu,touteleurope.eu
http://www.tracesecritesnews.fr,tracesecritesnews.fr
http://www.transrural-initiatives.org,transrural-initiatives.org
https://www.tripalio.fr,tripalio.fr
http://www.up-inspirer.fr,up-inspirer.fr
http://www.va-infos.fr,va-infos.fr
http://www.vaucluse-agricole.com,vaucluse-agricole.com
http://www.village.tm.fr,village.tm.fr
http://www.voilesetvoiliers.com,voilesetvoiliers.com
http://www.zdnet.fr,zdnet.fr
https://zoolemag.com,zoolemag.com
https://www.1538mediterranee.com/,1538mediterranee.com
http://www.60millions-mag.com,60millions-mag.com
https://www.acteurspublics.com,acteurspublics.com
http://www.actu-transport-logistique.fr,actu-transport-logistique.fr
http://www.aef.info,aef.info
http://www.afrique-agriculture.org,afrique-agriculture.org
https://www.agence-api.fr,agence-api.fr
http://www.agriculteur-normand.com,agriculteur-normand.com
http://www.alpinemag.fr,alpinemag.fr
http://www.arboriculture-fruitiere.com,arboriculture-fruitiere.com
http://www.arv-trials.com,arv-trials.com
http://www.autohebdo.fr,autohebdo.fr
http://www.autoplus.fr,autoplus.fr
http://azinat.com,azinat.com
http://www.biendire.com,biendire.com
http://www.bienpublic.com,bienpublic.com
http://www.biofil.fr,biofil.fr
http://www.biotech-finances.com,biotech-finances.com
https://www.booska-p.com,booska-p.com
https://www.btlv.fr,btlv.fr
http://www.cadre-dirigeant-magazine.com,cadre-dirigeant-magazine.com
http://www.cahiers-ophtalmologie.fr,cahiers-ophtalmologie.fr
https://www.centrepresseaveyron.fr,centrepresseaveyron.fr
https://chut.media,chut.media
http://www.cinechronicle.com,cinechronicle.com
http://classiquemaispashasbeen.fr,classiquemaispashasbeen.fr
https://www.climatico.fr/,climatico.fr
http://www.connaissancedesarts.com,connaissancedesarts.com
http://www.cotemaison.fr,cotemaison.fr
http://www.courrier-francais.com,courrier-francais.com
http://www.courrier-picard.fr,courrier-picard.fr
http://www.courriercadres.com,courriercadres.com
http://www.courrierdelouest.fr,courrierdelouest.fr
https://courrierdeuropecentrale.fr,courrierdeuropecentrale.fr
http://www.cultivar.fr,cultivar.fr
http://www.daf-mag.fr,daf-mag.fr
http://www.dalloz-actualite.fr,dalloz-actualite.fr
http://www.digitalphoto.fr,digitalphoto.fr
http://www.directvelo.com,directvelo.com
http://www.dna.fr,dna.fr
http://www.ecoledeslettres.fr,ecoledeslettres.fr
https://www.ecranlarge.com/,ecranlarge.com
https://www.editionarabediplo.com/,editionarabediplo.com
http://www.editions-rgra.com,editions-rgra.com
https://www.edp-audio.fr/,edp-audio.fr
http://www.edp-biologie.fr,edp-biologie.fr
http://www.elle.fr,elle.fr
http://www.epjap.org,epjap.org
http://www.europe1.fr,europe1.fr
http://www.faceaurisque.com,faceaurisque.com
http://www.finances-hospitalieres.fr,finances-hospitalieres.fr
https://fonda.asso.fr,fonda.asso.fr
http://www.football.fr,football.fr
http://www.francesoir.fr,francesoir.fr
http://www.gala.fr,gala.fr
http://www.gazette-tourisme.com,gazette-tourisme.com
https://geab.eu,geab.eu
http://gerardmerinfo.fr,gerardmerinfo.fr
http://www.gerontonews.com,gerontonews.com
http://www.gfpnumerique.com,gfpnumerique.com
http://www.go-met.com,go-met.com
https://www.grazia.fr,grazia.fr
http://www.green-news-techno.net,green-news-techno.net
https://groupe-ecomedia.com,groupe-ecomedia.com
http://www.happyend.life,happyend.life
http://www.haute-loire-paysanne.com,haute-loire-paysanne.com
https://www.hautesaintonge.fr,hautesaintonge.fr
https://www.hebdo-ardeche.fr/,hebdo-ardeche.fr
http://www.histoiresordinaires.fr,histoiresordinaires.fr
http://www.hommenouveau.fr,hommenouveau.fr
http://www.hospimedia.fr,hospimedia.fr
http://www.inaglobal.fr,inaglobal.fr
http://info-atbvac.com,info-atbvac.com
http://info-muco.com,info-muco.com
http://www.intelligenceonline.fr,intelligenceonline.fr
http://www.interentreprises.com,interentreprises.com
http://www.investissementconseils.com,investissementconseils.com
http://www.irrigazette.com,irrigazette.com
http://www.journal-des-communes.fr,journal-des-communes.fr
https://www.journalmarinemarchande.eu,journalmarinemarchande.eu
http://www.l-actu.fr,l-actu.fr
http://l1visible.com,l1visible.com
http://www.la-croix.com,la-croix.com
http://www.la-marne-agricole.com,la-marne-agricole.com
http://www.lalsace.fr,lalsace.fr
http://www.lamarseillaise.fr,lamarseillaise.fr
http://www.lamontagne.fr,lamontagne.fr
http://www.laprovence.com,laprovence.com
https://www.larep.fr,larep.fr
http://www.larevuedupraticien.fr,larevuedupraticien.fr
http://larpf.fr,larpf.fr
http://www.lasemainedansleboulonnais.fr,lasemainedansleboulonnais.fr
http://www.latribune.fr,latribune.fr
http://www.lavoixdunord.fr,lavoixdunord.fr
https://www.le-pays.fr,le-pays.fr
https://lebatimentperformant.fr,lebatimentperformant.fr
http://lecancer.fr,lecancer.fr
https://www.leclaireur-coiffeurs.com,leclaireur-coiffeurs.com
https://www.leclubsolutionssantenature.fr,leclubsolutionssantenature.fr
http://www.lecourrierdesyvelines.fr,lecourrierdesyvelines.fr
http://www.legipresse.com,legipresse.com
http://www.lejdd.fr,lejdd.fr
https://www.lejournaldeham.fr/,lejournaldeham.fr
http://www.lejournaldemontreuil.fr,lejournaldemontreuil.fr
http://www.lejournaldesentreprises.com,lejournaldesentreprises.com
http://www.lejournaldumedoc.fr,lejournaldumedoc.fr
http://www.lemainelibre.fr,lemainelibre.fr
http://www.lemediasocial.fr,lemediasocial.fr
http://www.lemediatv.fr,lemediatv.fr
http://lemondedusurgele.fr,lemondedusurgele.fr
https://www.lenouveleconomiste.fr,lenouveleconomiste.fr
http://www.lenouvelespritpublic.fr,lenouvelespritpublic.fr
http://www.lepavedelassurance.fr,lepavedelassurance.fr
http://www.lepaysdauge.fr,lepaysdauge.fr
https://www.lepoher.fr,lepoher.fr
http://www.lepopulaire.fr,lepopulaire.fr
https://www.leprogresstaffricain.fr/,leprogresstaffricain.fr
http://www.lequipe.fr,lequipe.fr
http://www.lequotidien.re,lequotidien.re
http://www.lereportersablais.com,lereportersablais.com
http://les-sportives-mag.fr,les-sportives-mag.fr
http://www.lesillon.info,lesillon.info
http://www.lespotinsdangele.com,lespotinsdangele.com
https://www.letangue.re/,letangue.re
https://www.letrois.info,letrois.info
http://www.lexpress.fr,lexpress.fr
http://www.limnology-journal.org,limnology-journal.org
http://www.limpartial.fr,limpartial.fr
https://www.lindependant.fr,lindependant.fr
http://www.lindicateurdesflandres.fr,lindicateurdesflandres.fr
http://www.lja.fr,lja.fr
http://www.loeildelaphotographie.com,loeildelaphotographie.com
http://www.loeildolivier.fr,loeildolivier.fr
https://lopinion.com/,lopinion.com
https://www.ma-grande-taille.com/,ma-grande-taille.com
http://www.macon-infos.com,macon-infos.com
http://magazinedelafrique.com,magazinedelafrique.com
https://maligue2.fr,maligue2.fr
http://www.martinique.franceantilles.fr,martinique.franceantilles.fr
https://www.medisite.fr/,medisite.fr
http://www.metropolevar.fr,metropolevar.fr
http://www.midilibre.fr,midilibre.fr
http://www.mmnp-journal.org,mmnp-journal.org
http://www.monquotidien.fr,monquotidien.fr
http://www.mouvement.net,mouvement.net
https://www.newsmanagers.com,newsmanagers.com
http://www.newstankdigital.fr,newstankdigital.fr
http://www.nordeclair.fr,nordeclair.fr
https://www.oeil-maisondesjournalistes.fr,oeil-maisondesjournalistes.fr
http://www.oisehebdo.fr/,oisehebdo.fr
http://orthodoxie.com,orthodoxie.com
http://www.outside.fr,outside.fr
http://www.parismatch.com,parismatch.com
http://www.pelerin.com,pelerin.com
http://www.phosphore.com,phosphore.com
http://www.planet.fr,planet.fr
http://pointsdevente.fr,pointsdevente.fr
http://www.polkamagazine.com,polkamagazine.com
http://www.presseocean.fr,presseocean.fr
http://www.processalimentaire.com,processalimentaire.com
https://www.professioncgp.com,professioncgp.com
http://www.programme-tv.net,programme-tv.net
http://publi-news.fr,publi-news.fr
https://www.quotidien-libre.fr,quotidien-libre.fr
http://www.rairo-ro.org,rairo-ro.org
http://www.rayon-boissons.com,rayon-boissons.com
http://www.recyclage-recuperation.fr,recyclage-recuperation.fr
http://www.regards.fr,regards.fr
http://www.rennes-infos-autrement.fr,rennes-infos-autrement.fr
http://www.revuepolitique.fr,revuepolitique.fr
https://www.rfgenealogie.com,rfgenealogie.com
http://rfsocial.grouperf.com,rfsocial.grouperf.com
http://rusoch.fr,rusoch.fr
http://www.saintdieinfo.fr,saintdieinfo.fr
http://www.sciencesetavenir.fr,sciencesetavenir.fr
https://www.scienceshumaines.com,scienceshumaines.com
http://www.slate.fr,slate.fr
http://sportiva-infos.com,sportiva-infos.com
http://www.sports.fr,sports.fr
http://www.strategies.fr,strategies.fr
http://www.sudouest.fr,sudouest.fr
http://www.symanews.com,symanews.com
http://www.tahiti-infos.com,tahiti-infos.com
http://www.tennismag.com,tennismag.com
http://www.theatral-magazine.com,theatral-magazine.com
http://www.thefinancialnewswire.fr,thefinancialnewswire.fr
http://thegoodlife.thegoodhub.com,thegoodlife.thegoodhub.com
http://www.thelocal.fr,thelocal.fr
https://www.topsante.com,topsante.com
http://traitementsetmateriaux.fr,traitementsetmateriaux.fr
https://tribuca.net,tribuca.net
http://www.tup31.com,tup31.com
http://www.tvnetcitoyenne.com,tvnetcitoyenne.com
http://www.urbanhit.fr,urbanhit.fr
https://usbeketrica.com,usbeketrica.com
http://www.usinenouvelle.com,usinenouvelle.com
http://www.vienne-rurale.fr,vienne-rurale.fr
http://vivant-le-media.fr/,vivant-le-media.fr
http://www.vosgesmatin.fr,vosgesmatin.fr
http://www.vousnousils.fr,vousnousils.fr
http://www.watchgeneration.fr,watchgeneration.fr
http://www.wk-transport-logistique.fr,wk-transport-logistique.fr
http://workplacemagazine.fr,workplacemagazine.fr
http://www.37degres-mag.fr,37degres-mag.fr
http://www.actionco.fr,actionco.fr
https://actu17.fr,actu17.fr
https://actualitenatureetsociete.com,actualitenatureetsociete.com
http://www.actuel-direction-juridique.fr,actuel-direction-juridique.fr
http://www.actuel-expert-comptable.fr,actuel-expert-comptable.fr
http://actuphoto.com,actuphoto.com
https://adweknow.com,adweknow.com
http://www.africaintelligence.fr,africaintelligence.fr
http://www.agefi.fr,agefi.fr
http://www.agra.fr,agra.fr
http://www.aisnenouvelle.fr,aisnenouvelle.fr
http://www.alternatives-economiques.fr,alternatives-economiques.fr
http://www.apmintelligence.com,apmintelligence.com
https://www.artnewspaper.fr,artnewspaper.fr
http://www.ash.tm.fr,ash.tm.fr
https://astee-tsm.fr,astee-tsm.fr
https://auvergnat.com/,auvergnat.com
http://www.auvergne-agricole.com,auvergne-agricole.com
https://www.aveyrondigitalnews.fr,aveyrondigitalnews.fr
http://www.batiactu.com,batiactu.com
http://www.bfmtv.com,bfmtv.com
http://bidasoamedia.info,bidasoamedia.info
http://www.brain-magazine.fr,brain-magazine.fr
https://www.cadredeville.com,cadredeville.com
http://www.cardiologie-pratique.com,cardiologie-pratique.com
http://www.carenews.com,carenews.com
https://www.cb-expert.fr,cb-expert.fr
http://www.cerveauetpsycho.fr,cerveauetpsycho.fr
https://www.cidj.com,cidj.com
http://www.cieletespace.fr,cieletespace.fr
http://www.cometmedias.com,cometmedias.com
http://www.comicsblog.fr,comicsblog.fr
http://www.corsematin.com,corsematin.com
http://www.diapasonmag.fr,diapasonmag.fr
https://dis-leur.fr/,dis-leur.fr
http://www.droitdusport.com,droitdusport.com
http://www.e-marketing.fr,e-marketing.fr
http://www.econostrum.info,econostrum.info
http://education.newstank.fr,education.newstank.fr
http://www.epinalinfo.fr,epinalinfo.fr
http://www.esaim-ps.org,esaim-ps.org
http://www.esprit.presse.fr,esprit.presse.fr
http://www.fakirpresse.info,fakirpresse.info
http://www.fastfoot.fr,fastfoot.fr
http://www.filieres-avicoles.com,filieres-avicoles.com
http://www.francefootball.fr,francefootball.fr
http://www.francemaghreb2.fr,francemaghreb2.fr
http://www.frequencemedicale.com,frequencemedicale.com
http://www.gazette-sante-social.fr,gazette-sante-social.fr
https://www.geekjunior.fr/,geekjunior.fr
http://www.geo.fr,geo.fr
http://www.geroscopie.fr,geroscopie.fr
http://www.ginjfo.com,ginjfo.com
https://guitinews.fr,guitinews.fr
https://www.happinez.fr/,happinez.fr
http://www.hautegironde.fr,hautegironde.fr
https://www.hebdo-blog.fr/,hebdo-blog.fr
http://hemato-news.com,hemato-news.com
http://www.herault-tribune.com,herault-tribune.com
https://hommeurbain.com,hommeurbain.com
http://www.huffingtonpost.fr,huffingtonpost.fr
http://www.info-eco.fr,info-eco.fr
http://info-pla.fr,info-pla.fr
http://info-vih.com,info-vih.com
https://www.inrees.com,inrees.com
https://insolentiae.com,insolentiae.com
http://www.jazzmagazine.com,jazzmagazine.com
http://www.journalventilo.fr,journalventilo.fr
http://www.juragricole.com,juragricole.com
http://www.kheox.fr,kheox.fr
http://www.kineactu.com,kineactu.com
https://www.konbini.com,konbini.com
http://www.la-thierache.fr,la-thierache.fr
http://www.la-vie-nouvelle.fr,la-vie-nouvelle.fr
http://la-voix.org,la-voix.org
http://www.ladepechedubassin.fr,ladepechedubassin.fr
http://www.lagazettedescommunes.com,lagazettedescommunes.com
http://landesinfo.net/,landesinfo.net
http://www.lanouvellerepublique.fr,lanouvellerepublique.fr
https://www.laprofessioncomptable.com,laprofessioncomptable.com
http://www.larsg.fr,larsg.fr
https://www.lasavoie.fr/,lasavoie.fr
https://www.lasemainedelallier.fr,lasemainedelallier.fr
http://www.latribunetoulouse.fr,latribunetoulouse.fr
http://www.lavie.fr,lavie.fr
http://www.laviecorrezienne.fr,laviecorrezienne.fr
http://www.leberry.fr,leberry.fr
https://www.lebetteravier.fr,lebetteravier.fr
https://www.lechoduthelle.fr/,lechoduthelle.fr
http://www.lechotouristique.com,lechotouristique.com
http://www.leconcoursmedical.fr,leconcoursmedical.fr
https://www.leconnecteur.org/,leconnecteur.org
http://www.lecourrierdelamayenne.fr,lecourrierdelamayenne.fr
https://lefilrouge.media,lefilrouge.media
https://www.legobelinduternois.com,legobelinduternois.com
http://www.lejournaldesarts.fr,lejournaldesarts.fr
http://www.lejournaldugrandparis.fr,lejournaldugrandparis.fr
http://www.lejsl.com,lejsl.com
https://www.lepatriote.fr,lepatriote.fr
http://www.lepaysanvigneron.fr,lepaysanvigneron.fr
https://lepetitjournal.com,lepetitjournal.com
http://www.lepetitquotidien.fr,lepetitquotidien.fr
http://www.lepharedunkerquois.fr,lepharedunkerquois.fr
http://www.leprogres.fr,leprogres.fr
http://www.lequotidiendupharmacien.fr,lequotidiendupharmacien.fr
http://www.lerugbynistere.fr,lerugbynistere.fr
http://www.lesechosdutouquet.fr,lesechosdutouquet.fr
https://www.lesfrancais.press,lesfrancais.press
https://www.lessorsavoyard.fr/,lessorsavoyard.fr
http://www.letelegramme.fr,letelegramme.fr
http://www.lhotellerie-restauration.fr,lhotellerie-restauration.fr
http://www.liberation.fr,liberation.fr
http://www.limpartial-andelys.fr,limpartial-andelys.fr
http://www.lma.news/,lma.news
http://www.louisbachelier.org,louisbachelier.org
https://lvsl.fr,lvsl.fr
http://www.macg.co,macg.co
http://www.magazinevideo.com,magazinevideo.com
https://www.martinique2030.com,martinique2030.com
http://www.mechanics-industry.org,mechanics-industry.org
http://www.memorialdelisere.fr,memorialdelisere.fr
http://www.metallurgical-research.org,metallurgical-research.org
http://www.mon-viti.com,mon-viti.com
http://www.nicematin.com,nicematin.com
http://normandie-magazine.fr,normandie-magazine.fr
http://www.notre-planete.info,notre-planete.info
http://www.nouvelhay.com,nouvelhay.com
http://www.nouvellespublications.com,nouvellespublications.com
http://www.nvo.fr,nvo.fr
http://www.observatoiredescosmetiques.com,observatoiredescosmetiques.com
http://www.optionfinance.fr,optionfinance.fr
http://www.ouest-france.fr,ouest-france.fr
https://www.echodumardi.com,echodumardi.com
http://paperfirst.info,paperfirst.info
http://www.parisberlinmag.com,parisberlinmag.com
http://www.performarts.net,performarts.net
http://www.philonomist.com,philonomist.com
https://www.phr.fr,phr.fr
https://www.pierrepapier.fr/,pierrepapier.fr
http://www.porcmag.com,porcmag.com
http://www.pressnut.com,pressnut.com
http://processpropre.fr,processpropre.fr
http://www.profession-pharmacien.fr,profession-pharmacien.fr
http://profession-sage-femme.com,profession-sage-femme.com
http://www.psychologies.com,psychologies.com
https://renaissancelochoise.com/,renaissancelochoise.com
http://www.reussir-agri72.fr,reussir-agri72.fr
http://www.revue-projet.com,revue-projet.com
http://www.revueagricole10.com,revueagricole10.com
https://revuedescomptoirs.com,revuedescomptoirs.com
https://revusetcorriges.net/,revusetcorriges.net
http://rfconseil.grouperf.com,rfconseil.grouperf.com
http://www.rollingstone.fr,rollingstone.fr
http://www.saumur-kiosque.com,saumur-kiosque.com
https://sciences-critiques.fr,sciences-critiques.fr
http://services-proprete.fr,services-proprete.fr
http://www.shf-lhb.org,shf-lhb.org
http://www.slateafrique.com,slateafrique.com
http://spe15.fr,spe15.fr
http://www.speakeasy-news.com,speakeasy-news.com
http://sportbusiness.club/,sportbusiness.club
https://taramagazine.fr/,taramagazine.fr
http://www.terra.bzh,terra.bzh
http://www.terradarwin.com,terradarwin.com
http://www.territoires-audacieux.fr,territoires-audacieux.fr
https://www.topgear-magazine.fr,topgear-magazine.fr
http://www.tourhebdo.com,tourhebdo.com
http://www.toutmontbeliard.com,toutmontbeliard.com
https://www.tribune-assurance.fr/,tribune-assurance.fr
http://www.tvquiberonlabaie.tv,tvquiberonlabaie.tv
https://urbanutopia.eu,urbanutopia.eu
https://www.usine-digitale.fr,usine-digitale.fr
https://www.villeintelligente-mag.fr/,villeintelligente-mag.fr
http://www.vitisphere.com,vitisphere.com
http://www.web-agri.fr,web-agri.fr
http://www.weblex.fr,weblex.fr
http://www.wedemain.fr,wedemain.fr
https://www.wup-media.com,wup-media.com
http://www.zepros.fr,zepros.fr
https://www.eco-ain.fr,eco-ain.fr
https://www.jhm.fr/,jhm.fr
https://www.grandlille.tv/,grandlille.tv
https://www.grandlittoral.tv,grandlittoral.tv
https://tlm.tv/,tlm.tv
https://lemonmag.com/,lemonmag.com
https://www.toutmontpellier.fr/,toutmontpellier.fr
https://www.e-tribune.fr/,e-tribune.fr
https://www.lapressedegray.com,lapressedegray.com
https://www.lapressedevesoul.com,lapressedevesoul.com
https://www.lyonplus.com/,lyonplus.com
https://www.alpes1.fr/,alpes1.fr
https://www.radiorva.com,radiorva.com
https://www.radioespace.com/,radioespace.com
https://www.odsradio.com/,odsradio.com
https://www.lyoncapitale.fr/,lyoncapitale.fr
https://www.france.tv,france.tv
https://la1ere.francetvinfo.fr,la1ere.francetvinfo.fr
https://www.centpourcent.com/,centpourcent.com
https://www.witfm.fr,witfm.fr
https://www.vibration.fr,vibration.fr
https://www.forumeco.com,forumeco.com
https://www.radiono1.fr/,radiono1.fr
https://www.laruche.fr,laruche.fr
https://www.sports-auvergne.fr,sports-auvergne.fr
https://www.champagnefm.com/,champagnefm.com
https://www.happyfm.com/,happyfm.com
https://www.mycontact.fr/,mycontact.fr
https://www.weo.fr,weo.fr
https://www.tebeo.bzh/,tebeo.bzh
https://www.lemensuel.com/rennes,lemensuel.com
https://www.tebesud.bzh/,tebesud.bzh
https://www.viaoccitanie.tv,viaoccitanie.tv
https://www.monacomatin.mc/,monacomatin.mc
https://www.tvtours.fr/,tvtours.fr
https://www.leconfolentais.fr/,leconfolentais.fr
http://www.lejournaldecivray.fr/,lejournaldecivray.fr
https://www.laconcorde-hebdo.fr,laconcorde-hebdo.fr
https://www.lavenir-hebdo.fr/,lavenir-hebdo.fr
https://www.lenouvelliste.fr,lenouvelliste.fr
https://www.agriculteur-aisne.com,agriculteur-aisne.com
https://agripro.free.fr/,agripro.free.fr
https://www.union-paysanne.com,union-paysanne.com
https://www.enpaysvarois.fr,enpaysvarois.fr
https://www.paysandumidi.fr,paysandumidi.fr
https://www.allier-agricole.fr,allier-agricole.fr
https://www.agri44.fr,agri44.fr
https://www.loiret-agricole.fr,loiret-agricole.fr
https://www.lereveillozere.fr,lereveillozere.fr
https://www.avenir52.com,avenir52.com
https://www.oise-agricole.com,oise-agricole.com
https://pamac.fr/L-Union-Paysanne,pamac.fr
https://hautesaoneagricole.com/,hautesaoneagricole.com
https://www.agri79.com,agri79.com
https://www.terresdecognac.fr,terresdecognac.fr
https://www.tv7.com,tv7.com
https://montpellier.citycrunch.fr/,montpellier.citycrunch.fr
https://grenoble.citycrunch.fr/,grenoble.citycrunch.fr
https://lille.citycrunch.fr/,lille.citycrunch.fr
https://www.petit-bulletin.fr,petit-bulletin.fr
https://lyon.citycrunch.fr,lyon.citycrunch.fr
https://lyon.familycrunch.fr,lyon.familycrunch.fr
https://www.evasionfm.com,evasionfm.com
https://www.linfokwezi.fr,linfokwezi.fr
https://www.avenir-agricole-ardeche.fr/,avenir-agricole-ardeche.fr
https://terre-dauphinoise.presse-agricole.net/,terre-dauphinoise.presse-agricole.net
https://rhone.presse-agricole.net/,rhone.presse-agricole.net
https://terres-des-savoie.presse-agricole.net/,terres-des-savoie.presse-agricole.net
https://www.toulouse.fm/,toulouse.fm
https://www.goldfm.fr/,goldfm.fr
https://www.rba.fm,rba.fm
https://www.47fm.net/,47fm.net
https://montblanclive.com/radiomontblanc,montblanclive.com
https://www.francebleu.fr/azur,francebleu.fr
https://www.infos-dijon.com/,infos-dijon.com
https://www.mylittlelyon.com/,mylittlelyon.com
https://www.mylittlemarseille.com/,mylittlemarseille.com
https://www.mylittleparis.com/,mylittleparis.com
https://www.anousparis.fr/,anousparis.fr
https://www.maradiocristal.com,maradiocristal.com
https://www.oceanefm.com,oceanefm.com
https://www.radiocean.com/,radiocean.com
https://www.lerepublicainduzes.fr,lerepublicainduzes.fr
https://www.bulletin-darnetal.fr,bulletin-darnetal.fr
https://www.vaucluse-hebdo.fr,vaucluse-hebdo.fr
https://www.lasemainedesardennes.fr,lasemainedesardennes.fr
https://www.drome-hebdo.fr,drome-hebdo.fr
https://www.voixdelahautemarne.fr,voixdelahautemarne.fr
https://www.la-renaissance.net,la-renaissance.net
https://www.bugey-cotiere.fr,bugey-cotiere.fr
https://fcradio.fr/,fcradio.fr
https://www.radio-b.fr,radio-b.fr
https://www.matele.tv,matele.tv
https://www.auroredubourbonnais.fr/,auroredubourbonnais.fr
https://www.radiormb.com,radiormb.com
https://regardactu.com ,regardactu.com 
https://www.radiocoquelicot.com,radiocoquelicot.com
https://www.espritsportetbienetre.fr/,espritsportetbienetre.fr
https://lacanardesauvage.free.fr/,lacanardesauvage.free.fr
https://www.hauteprovenceinfo.com,hauteprovenceinfo.com
https://www.alpes-et-midi.fr,alpes-et-midi.fr
https://www.dici.fr/,dici.fr
https://www.avenir-cotedazur.com,avenir-cotedazur.com
https://www.tribuca.fr,tribuca.fr
https://www.cannesradio.com,cannesradio.com
https://www.azur-tv.fr/,azur-tv.fr
https://www.provenceazur-tv.fr/,provenceazur-tv.fr
https://www.ligne16.net/,ligne16.net
https://www.rdbfm.com,rdbfm.com
https://www.radio8fm.com/,radio8fm.com
https://www.rvm.fr,rvm.fr
https://www.revinwebtv.fr/,revinwebtv.fr
https://radiocouserans.fr/,radiocouserans.fr
https://tele-buissonniere.org/,tele-buissonniere.org
https://www.latitude.fm,latitude.fm
https://www.canal32.fr/,canal32.fr
https://www.grandsudfm.com,grandsudfm.com
https://larzac.org,larzac.org
https://www.bulletindespalion.fr,bulletindespalion.fr
https://www.journaldemillau.fr,journaldemillau.fr
https://www.l-hebdo.com,l-hebdo.com
https://www.lavolontepaysanne.fr/,lavolontepaysanne.fr
https://radiototem.fr,radiototem.fr
https://www.lalibertelecommercial.fr,lalibertelecommercial.fr
https://www.leregional.fr,leregional.fr
https://www.journalzibeline.fr/,journalzibeline.fr
https://www.fatche2.fr/,fatche2.fr
https://www.radiogrenouille.com,radiogrenouille.com
https://www.radio-camargue.com/,radio-camargue.com
https://www.airelles-video.fr/,airelles-video.fr
https://www.fokus21.org/,fokus21.org
https://www.maritima.info,maritima.info
https://www.anonymal.tv/,anonymal.tv
https://www.lanuitmagazine.com/,lanuitmagazine.com
https://marseilleinfo.com/,marseilleinfo.com
https://mars-infos.org/,mars-infos.org
https://telemouche.com/,telemouche.com
https://quefaireenfamille.com/,quefaireenfamille.com
https://www.iski.fr/,iski.fr
https://www.racailles.info,racailles.info
https://www.vfmradio.fr/,vfmradio.fr
https://radio-toucaen.fr/,radio-toucaen.fr
https://www.jordannefm.fr,jordannefm.fr
https://www.rezonances-tv.org/,rezonances-tv.org
https://rhizome.media,rhizome.media
https://www.sudcharentetv.fr/,sudcharentetv.fr
https://www.collectif-villeneuve.com,collectif-villeneuve.com
https://www.langerienlibre.fr,langerienlibre.fr
https://www.lhebdo17.fr,lhebdo17.fr
https://www.demoisellefm.com/,demoisellefm.com
https://www.mo-tv.fr/,mo-tv.fr
https://www.televilleneuve.fr/,televilleneuve.fr
https://la-trousse-correzienne.org/,la-trousse-correzienne.org
https://www.correzetelevision.fr/,correzetelevision.fr
https://www.bourgognemagazine.com/,bourgognemagazine.com
https://www.dijonbeaunemag.fr/,dijonbeaunemag.fr
https://www.dijoncapitale.fr,dijoncapitale.fr
https://jondi.fr/,jondi.fr
https://www.lechatillonnaisetlauxois.fr,lechatillonnaisetlauxois.fr
https://www.magma-magazine.fr/,magma-magazine.fr
https://www.sparse.fr/a-propos/,sparse.fr
https://www.k6fm.com,k6fm.com
https://dijoncter.info/,dijoncter.info
https://blog.happybourgogne.com,blog.happybourgogne.com
https://www.dijonlhebdo.fr/,dijonlhebdo.fr
https://www.hebdo-armor.com/,hebdo-armor.com
https://www.dicimag.com/,dicimag.com
https://lepeuplebreton.bzh,lepeuplebreton.bzh
https://tv-tregor.com/,tv-tregor.com
https://www.dispak.bzh/,dispak.bzh
https://www.radiobreizh.bzh/fr,radiobreizh.bzh
https://www.bretagne5.fr,bretagne5.fr
https://www.journal-ipns.org/,journal-ipns.org
https://telemillevaches.net/,telemillevaches.net
https://www.essorsarladais.com,essorsarladais.com
https://www.bergerac95.fr/,bergerac95.fr
https://www.canalpourpre.info/,canalpourpre.info
https://www.laterredecheznous.com/,laterredecheznous.com
https://pleinair.net/,pleinair.net
https://radiobip.fr,radiobip.fr
https://www.radiola.media,radiola.media
https://www.radioblv.com/,radioblv.com
https://www.rdwa.fr/,rdwa.fr
https://www.radiosaintfe.com/,radiosaintfe.com
https://www.lechodebrou.fr,lechodebrou.fr
https://intensite.net/,intensite.net
https://www.chartres.live/,chartres.live
https://le28.tv/,le28.tv
https://bourrasque-info.org/,bourrasque-info.org
https://www.breizh-info.com/,breizh-info.com
https://www.bretagne-bretons.fr,bretagne-bretons.fr
https://oufipo.org/,oufipo.org
https://www.radioevasion.net/,radioevasion.net
https://www.nordbretagne.fr,nordbretagne.fr
https://www.radiopaysdeleon.fr/,radiopaysdeleon.fr
https://www.lereveildumidi.fr,lereveildumidi.fr
https://www.frequenceuzege.com/,frequenceuzege.com
https://www.ekodesquartiers.net/,ekodesquartiers.net
https://teledraille.org/,teledraille.org
https://www.boudulemag.com/,boudulemag.com
https://www.boudu-toulouse.com,boudu-toulouse.com
https://iaata.info/,iaata.info
https://resonance-sonore.fr/,resonance-sonore.fr
https://www.reynerietv.com/,reynerietv.com
https://www.toulouseinfos.fr/,toulouseinfos.fr
https://tvbruits.org/,tvbruits.org
https://chouftolosa.info/,chouftolosa.info
https://www.toulouse7.com/,toulouse7.com
https://parlemtv.fr/,parlemtv.fr
https://www.echodescollines.fr/,echodescollines.fr
https://www.arlfm.com/,arlfm.com
https://www.rigfm.fr,rigfm.fr
https://www.bordeaux.tv/,bordeaux.tv
https://www.coeurdebastide.com,coeurdebastide.com
https://www.infos-bordeaux.fr,infos-bordeaux.fr
https://quoifaireabordeaux.com/,quoifaireabordeaux.com
https://toobordo.net/,toobordo.net
https://letype.fr/,letype.fr
https://www.lagglorieuse.info,lagglorieuse.info
https://www.gazettedesete.com/,gazettedesete.com
https://lapieuvredumidi.com,lapieuvredumidi.com
https://www.semaineduminervois.com,semaineduminervois.com
https://busk-magazine.com/,busk-magazine.com
https://www.radioone.fr/,radioone.fr
https://www.rtsfm.com,rtsfm.com
https://www.envieabeziers.info/,envieabeziers.info
https://www.grizette.com/,grizette.com
https://kaina.tv/,kaina.tv
https://lepressoir-info.org/,lepressoir-info.org
https://e-metropolitain.fr/,e-metropolitain.fr
https://lepoing.net/,lepoing.net
https://www.infosredon.fr,infosredon.fr
https://www.espace-sciences.org,espace-sciences.org
https://www.radiocaroline.bzh,radiocaroline.bzh
https://www.tvr.bzh/,tvr.bzh
https://expansive.info/,expansive.info
https://rennes24.info,rennes24.info
https://bikinimag.fr,bikinimag.fr
https://yeggmag.fr,yeggmag.fr
https://radiorennes.fr,radiorennes.fr
https://www.biptv.tv/,biptv.tv
http://www.la-bouinotte.org/,la-bouinotte.org
https://www.lettrevalloire.com,lettrevalloire.com
https://www.levinligerien.fr,levinligerien.fr
https://www.tvmtours.fr,tvmtours.fr
https://citeradio.fr,citeradio.fr
https://larotative.info/,larotative.info
https://www.lepostillon.org,lepostillon.org
https://www.lecourrierliberte.fr,lecourrierliberte.fr
https://www.affiches.fr,affiches.fr
https://lesantennes.org,lesantennes.org
https://www.telegrenoble.net,telegrenoble.net
https://cric-grenoble.info/,cric-grenoble.info
https://www.laverty.fr/,laverty.fr
https://www.radio-gresivaudan.org/,radio-gresivaudan.org
https://rcf.fr,rcf.fr
https://campusgrenoble.org/,campusgrenoble.org
https://hebdo39.net/,hebdo39.net
https://www.frequenceplusfm.com,frequenceplusfm.com
https://jurawebtv.com/,jurawebtv.com
https://www.frequencegrandslacs.fr/,frequencegrandslacs.fr
https://hapchotwebradio.fr/,hapchotwebradio.fr
https://media-landes.fr/,media-landes.fr
https://www.larenaisanceduloiretcher.fr,larenaisanceduloiretcher.fr
https://www.lepetitsolognot.fr/,lepetitsolognot.fr
https://lepetitvendomois.fr,lepetitvendomois.fr
https://www.sweetfm.fr/,sweetfm.fr
https://lenumerozero.lautre.net/-Couac,lenumerozero.lautre.net
https://lapiedupilat.fr/,lapiedupilat.fr
https://www.activradio.com/,activradio.com
https://www.tl7.fr/,tl7.fr
https://42info.fr/,42info.fr
https://www.loirefootball.fr/,loirefootball.fr
https://radiodio.org/,radiodio.org
https://lalorgnette.info/,lalorgnette.info
https://www.strada-dici.com/,strada-dici.com
https://tele-regain.fr/,tele-regain.fr
https://www.hauteloirefootball.fr,hauteloirefootball.fr
https://www.kostar.fr,kostar.fr
https://www.ancenis.net,ancenis.net
https://www.lalettrealulu.com/,lalettrealulu.com
https://lesautrespossibles.fr/,lesautrespossibles.fr
https://www.revue-placepublique.fr/,revue-placepublique.fr
https://www.bigre-magazine.fr/,bigre-magazine.fr
https://www.estuaire.org/,estuaire.org
https://www.fragil.org/,fragil.org
https://www.grabugemag.com/,grabugemag.com
https://www.echo-ouest.fr,echo-ouest.fr
https://www.nantes-revoltee.com/,nantes-revoltee.com
https://www.pepitesmagazine.com/,pepitesmagazine.com
https://zadibao.net,zadibao.net
https://www.wik-nantes.fr/,wik-nantes.fr
https://www.wik-rennes.fr/,wik-rennes.fr
https://www.prun.net/,prun.net
https://www.hitwest.com,hitwest.com
https://www.rcalaradio.com/,rcalaradio.com
https://telenantes.com/,telenantes.com
https://actuouest.fr/,actuouest.fr
https://www.actu44.fr/,actu44.fr
https://www.bigcitylife.fr/,bigcitylife.fr
https://www.paysdechateaubriant.fr/,paysdechateaubriant.fr
https://www.saintnazairenews.fr/,saintnazairenews.fr
https://www.saint-nazaire.tv/,saint-nazaire.tv
https://www.monstudio.tv/,monstudio.tv
https://tvsurerdre.fr/,tvsurerdre.fr
https://www.vlipp.fr/,vlipp.fr
https://www.idilenantes.com/le-magazine/,idilenantes.com
https://www.lehautparleur.com/,lehautparleur.com
https://www.lekinorama.com/,lekinorama.com
https://euradio.fr/,euradio.fr
https://www.lesonunique.com/,lesonunique.com
https://tv-sevreetmaine.fr/,tv-sevreetmaine.fr
https://www.tv-3p.fr/,tv-3p.fr
https://www.radionaoned.bzh/,radionaoned.bzh
https://journalsologne.canalblog.com/,journalsologne.canalblog.com
https://edith-magazine.com/,edith-magazine.com
https://www.publi45.fr/,publi45.fr
https://www.tribune-hebdo-orleans.fr,tribune-hebdo-orleans.fr
https://www.tribune-hebdo-tours.fr/,tribune-hebdo-tours.fr
https://lagatinaise.wixsite.com/webtv/,lagatinaise.wixsite.com
https://piao.fr,piao.fr
https://actualites-locales-au-cinema.fr/,actualites-locales-au-cinema.fr
https://lafeuille.info/,lafeuille.info
https://www.48info.fr,48info.fr
https://www.oxygeneradio.com/site/,oxygeneradio.com
https://angers-tele.fr/,angers-tele.fr
https://www.tlc-cholet.com/,tlc-cholet.com
https://basse-chaine.info/,basse-chaine.info
https://www.trelaze.tv,trelaze.tv
https://www.mordus.org/,mordus.org
https://www.avranchesfm.fr/,avranchesfm.fr
https://reimsmediaslibres.info/,reimsmediaslibres.info
https://www.laffranchi.fr,laffranchi.fr
https://leglob-journal.fr/,leglob-journal.fr
https://aveniragricole.net,aveniragricole.net
https://www.nouveaujourj.fr/,nouveaujourj.fr
https://www.lorfm.com/,lorfm.com
https://www.radiocampuslorraine.com/,radiocampuslorraine.com
https://fourmiliere.eu/,fourmiliere.eu
https://kit.fm,kit.fm
https://larevuedesiles.fr,larevuedesiles.fr
https://www.sortiesdesecours.com,sortiesdesecours.com
https://www.jaimeradio.fr/,jaimeradio.fr
https://www.rmn.bzh,rmn.bzh
https://tvrhuys.com/,tvrhuys.com
https://timbrefm.fr/,timbrefm.fr
https://www.directfm.fr/,directfm.fr
https://www.radiomelodie.com,radiomelodie.com
https://www.radiostudio1.com,radiostudio1.com
https://www.tvcristal.net/,tvcristal.net
https://www.enestv.fr/,enestv.fr
https://www.mosaik-cristal.tv,mosaik-cristal.tv
https://www.tvrosselle.com/,tvrosselle.com
https://www.tv8.fr/,tv8.fr
https://www.viamirabelle.tv,viamirabelle.tv
https://borny.info/,borny.info
https://www.lesvoixdelafensch.fr/,lesvoixdelafensch.fr
https://www.loreina.tv,loreina.tv
https://mpt-woippy.tv/,mpt-woippy.tv
https://www.rombas-television.com/,rombas-television.com
https://www.lelierre.org,lelierre.org
https://tout-metz.com/,tout-metz.com
http://thijournal.fr/,thijournal.fr
https://www.clamecytv.com,clamecytv.com
https://libertehebdo.fr/,libertehebdo.fr
https://labrique.net,labrique.net
https://www.canalfm.fr,canalfm.fr
https://www.deltafm.fr,deltafm.fr
https://www.echo-fm.fr,echo-fm.fr
https://www.metropolys.com,metropolys.com
https://www.tele-astv.fr/,tele-astv.fr
https://beffroi-vision.fr/bv,beffroi-vision.fr
https://www.canalgambsheim.fr,canalgambsheim.fr
https://leblog2roubaix.com/,leblog2roubaix.com
https://quintessence-magazine.com/fr/,quintessence-magazine.com
https://www.rpl99fm.com/,rpl99fm.com
https://www.cno-radio.fr/,cno-radio.fr
https://www.peperenews.fr/,peperenews.fr
https://www.flandrestelevision.fr/,flandrestelevision.fr
https://nogent.tv/,nogent.tv
https://www.kolectiv.fr/,kolectiv.fr
https://www.horizonradio.fr,horizonradio.fr
https://www.radio6.fr/,radio6.fr
https://www.iltv.fr,iltv.fr
https://www.radioplus.fr/,radioplus.fr
https://www.arrageois.info,arrageois.info
https://www.douaisis.info,douaisis.info
https://www.valenciennois.info,valenciennois.info
https://www.lacathode.org/,lacathode.org
https://www.webtvlivradoisforez.org/,webtvlivradoisforez.org
https://www.lspb.fr,lspb.fr
https://www.radioinside.fr/,radioinside.fr
https://www.tvpi.fr/,tvpi.fr
https://kanaldude.eus/,kanaldude.eus
https://www.radiokultura.eus/,radiokultura.eus
https://www.xiberotelebista.com/,xiberotelebista.com
https://mediabask.naiz.eus/eu,mediabask.naiz.eus
https://kazeta.naiz.eus/eu,kazeta.naiz.eus
https://www.berria.eus/,berria.eus
https://herria.eus/,herria.eus
https://www.enbata.info/,enbata.info
https://iparraldekohitza.eus/,iparraldekohitza.eus
https://www.le-journal-catalan.com,le-journal-catalan.com
https://www.littoralfm.com/,littoralfm.com
https://realtv66new.weebly.com,realtv66new.weebly.com
https://resonances.xyz/,resonances.xyz
https://tvcat.fr/,tvcat.fr
https://la-feuille-de-chou.fr,la-feuille-de-chou.fr
https://www.ami-hebdo.com,ami-hebdo.com
https://magazinemix.fr/,magazinemix.fr
https://www.poly.fr,poly.fr
https://www.radio-liberte.net/,radio-liberte.net
https://www.topmusic.fr,topmusic.fr
https://www.alsace20.tv/,alsace20.tv
https://www.canalest.fr,canalest.fr
https://www.ville-schiltigheim.fr,ville-schiltigheim.fr
https://www.tlva.fr,tlva.fr 
https:www.tv2com.fr,tv2com.fr
https://www.tv3v.fr,tv3v.fr
https://pokaa.fr/,pokaa.fr
https://www.strastv.com/,strastv.com
https://www.tchapp.alsace/,tchapp.alsace
https://www.vuparici.fr/,vuparici.fr
https://www.tvgicbouquenom.fr,tvgicbouquenom.fr
https://news.defricheurs.fr/,news.defricheurs.fr
https://radiomne.com/,radiomne.com
https://www.florfm.com/,florfm.com
https://www.radiodreyeckland.com/,radiodreyeckland.com
https://www.biesheimtv.fr,biesheimtv.fr
https://www.laficelle.com,laficelle.com
https://agiralyon.fr/,agiralyon.fr
https://www.mag2lyon.com,mag2lyon.com
https://www.heteroclite.org,heteroclite.org
https://www.lyonpeople.com,lyonpeople.com
https://www.lyonpremiere.com/,lyonpremiere.com
https://www.tonicradio.fr/,tonicradio.fr
https://www.leliberolyon.fr/,leliberolyon.fr
https://ledr.fr/,ledr.fr
https://lyonbondyblog.fr/,lyonbondyblog.fr
https://rebellyon.info/,rebellyon.info
https://thisislyon.fr/,thisislyon.fr
https://acteursdeleconomie.latribune.fr/,acteursdeleconomie.latribune.fr
https://toutvabienlejournal.org,toutvabienlejournal.org
https://www.radio-calade.fr/,radio-calade.fr
https://www.radiostar.fr,radiostar.fr
https://montceau-news.com/,montceau-news.com
https://chalontv.info/,chalontv.info
https://www.radiobresse.com,radiobresse.com
https://www.lecho-de-vibraye.fr,lecho-de-vibraye.fr
https://www.vialmtv.tv,vialmtv.tv
https://www.eco-savoie-mont-blanc.com,eco-savoie-mont-blanc.com
https://www.montagnefm.com/,montagnefm.com
https://radioalto.info/fr/,radioalto.info
https://www.hebdo-des-savoie.com,hebdo-des-savoie.com
https://www.tv8montblanc.com/,tv8montblanc.com
https://www.h2oradio.fr/,h2oradio.fr
https://18dumois.info,18dumois.info
https://lamidu20eme.free.fr,lamidu20eme.free.fr
https://www.demain.fr/,demain.fr
https://telebocal.org/,telebocal.org
https://gouttedor-et-vous.org/,gouttedor-et-vous.org
https://www.noise-laville.fr,noise-laville.fr
https://www.paris-est-villages.com,paris-est-villages.com
https://paris-luttes.info/,paris-luttes.info
https://www.lebonbon.fr,lebonbon.fr
https://radiocampusrouen.fr/,radiocampusrouen.fr
https://www.lachainenormande.tv/,lachainenormande.tv
https://a-louest.info/,a-louest.info
https://globules.com/,globules.com
https://www.radiohdr.net,radiohdr.net
https://www.grainedeviking.fr/,grainedeviking.fr
https://www.roueninfo.fr/,roueninfo.fr
https://www.michel-larevue.fr/,michel-larevue.fr
https://ouest-track.com/,ouest-track.com
https://www.77info.fr,77info.fr
https://lagazette-ladefense.fr,lagazette-ladefense.fr
https://lagazette-yvelines.fr,lagazette-yvelines.fr
https://www.journal-deux-rives.com,journal-deux-rives.com
https://www.lepetitversaillais.fr/,lepetitversaillais.fr
https://www.tv78.com,tv78.com
https://www.mantes-actu.net/,mantes-actu.net
https://tr78.fr,tr78.fr
https://www.trappyblog.fr/,trappyblog.fr
https://lagazette-sqy.fr/,lagazette-sqy.fr
https://www.collines-laradio.fr,collines-laradio.fr
https://www.saxifrage.fr,saxifrage.fr
https://www.radioalbiges.com/,radioalbiges.com
https://www.nouveau-journal.org/,nouveau-journal.org
https://www.mistralfm.com/,mistralfm.com
https://varazur-tv.fr/,varazur-tv.fr
https://www.levideographe.com,levideographe.com
https://www.radiosaintebaume.com/,radiosaintebaume.com
https://www.pa84.fr/,pa84.fr
https://www.tvvendee.fr/,tvvendee.fr
https://www.mavillesolidaire.fr,mavillesolidaire.fr
https://www.virginradiovendee.fr,virginradiovendee.fr
https://www.tlsv.fr/,tlsv.fr
https://www.lesansculotte85.com/,lesansculotte85.com
https://www.vendee-premieres.fr/,vendee-premieres.fr
https://www.7apoitiers.fr/,7apoitiers.fr
https://www.flashfm.fr/,flashfm.fr
https://labogue.info,labogue.info
https://www.centpourcent-vosges.fr/,centpourcent-vosges.fr
https://www.echo-des-vosges.fr/,echo-des-vosges.fr
https://www.magnumlaradio.com/,magnumlaradio.com
https://www.viavosges.tv,viavosges.tv
https://epinalinfos.fr/,epinalinfos.fr
https://www.le-lorrain.fr/,le-lorrain.fr
https://le-criquet-avallonnais-auxois.fr,le-criquet-avallonnais-auxois.fr
https://www.Myaireurbaine.info,myaireurbaine.info
https://lepetitzpl.zpl.zone/,lepetitzpl.zpl.zone
https://www.le-republicain.fr,le-republicain.fr
https://www.latitudemedia.fr/,latitudemedia.fr
https://www.lejournaldebecon.fr/,lejournaldebecon.fr
https://via93.tv/,via93.tv
https://www.bobigny.co,bobigny.co
https://www.bonjour-pantin.fr/,bonjour-pantin.fr
https://leblogdenestor.com,leblogdenestor.com
https://lejsd.com/,lejsd.com
https://www.valdemarneinfos.fr,valdemarneinfos.fr
https://contrevues.paris/,contrevues.paris
https://95.telif.tv/,95.telif.tv
https://www.visagonews.com/,visagonews.com
https://www.iotv.fr,iotv.fr
https://www.viaatv.tv,viaatv.tv
https://chronique-du-maroni.fr/,chronique-du-maroni.fr
https://lekotidien.fr/,lekotidien.fr
https://www.radiopeka.com/,radiopeka.com
http://www.une-saison-en-guyane.com/,une-saison-en-guyane.com
https://www.jdcorse.fr/JDC2/,jdcorse.fr
https://www.alta-frequenza.corsica/,alta-frequenza.corsica
https://www.apiazzetta.com,apiazzetta.com
https://www.corse-information.info,corse-information.info
https://www.telepaese.corsica/,telepaese.corsica
http://bretons.bzh,bretons.bzh
http://c4magazine.org,c4magazine.org
http://cameditsport.com,cameditsport.com
http://chouard.org/blog/,chouard.org
http://cqfd-journal.org,cqfd-journal.org
http://darons.net,darons.net
http://diktacratie.com,diktacratie.com
http://haute-loire-paysanne.fr,haute-loire-paysanne.fr
http://ilfattoquotidiano.fr,ilfattoquotidiano.fr
http://information-en-direct-france.com,information-en-direct-france.com
http://kezako.unisciel.fr,kezako.unisciel.fr
http://lagauchematuer.fr,lagauchematuer.fr
http://larevuedesmedias.ina.fr,larevuedesmedias.ina.fr
http://lechodelaboucle.fr,lechodelaboucle.fr
http://ledemocratevernonnais.fr,ledemocratevernonnais.fr
http://lempaille.fr,lempaille.fr
http://lereveillozere.reussir.fr,lereveillozere.reussir.fr
http://lessor.fr,lessor.fr
http://luttedeclasse.org,luttedeclasse.org
http://mensonges.fr,mensonges.fr
http://messagesdelanature.ek.la,messagesdelanature.ek.la
http://owni.fr,owni.fr
http://parstoday.com/fr,parstoday.com
http://resistancerepublicaine.eu,resistancerepublicaine.eu
http://sphr.fr/hebdo/lhebdo-du-finistere/,sphr.fr
http://sud-ou-est.fr,sud-ou-est.fr
http://swagactu.com,swagactu.com
http://wahed-magazine.com,wahed-magazine.com
http://www.2012un-nouveau-paradigme.com,2012un-nouveau-paradigme.com
http://www.30millionsdamis.fr,30millionsdamis.fr
http://www.a-droite-fierement.fr,a-droite-fierement.fr
http://www.agri72.fr,agri72.fr
http://www.allier-agricole.com,allier-agricole.com
http://www.allodocteurs.fr,allodocteurs.fr
http://www.article11.info,article11.info
http://www.bataii.com,bataii.com
http://www.buzzfil.me,buzzfil.me
http://www.cahiersdufootball.net,cahiersdufootball.net
http://www.cercledesvolontaires.fr,cercledesvolontaires.fr
http://www.consensus911.org/fr/,consensus911.org
http://www.crash-aerien.aero,crash-aerien.aero
http://www.davduf.net,davduf.net
http://www.diatala.com,diatala.com
http://www.direct-editeurs.fr,direct-editeurs.fr
http://www.doctissimo.fr,doctissimo.fr
http://www.economiematin.fr,economiematin.fr
http://www.en-bref.fr,en-bref.fr
http://www.haute-saintonge.org,haute-saintonge.org
http://www.hbrfrance.fr,hbrfrance.fr
http://www.influencia.net,influencia.net
http://www.infoetsecret.com,infoetsecret.com
http://www.informaction.info,informaction.info
http://www.ivg.net,ivg.net
http://www.jssnews.com,jssnews.com
http://www.laccentbourguignon.com,laccentbourguignon.com
http://www.ladechedumidi.com,ladechedumidi.com
http://www.ladecroissance.net,ladecroissance.net
http://www.laminedinfos.fr,laminedinfos.fr
http://www.laruchemedia.com,laruchemedia.com
http://www.lcp.fr,lcp.fr
http://www.ledailyberet.fr,ledailyberet.fr
http://www.legorafi.fr,legorafi.fr
http://www.lemondedesreligions.fr,lemondedesreligions.fr
http://www.lepique.fr,lepique.fr
http://www.lesaintaffricain.fr,lesaintaffricain.fr
http://www.letc.fr,letc.fr
http://www.letribunaldunet.fr,letribunaldunet.fr
http://www.lm-magazine.com,lm-magazine.com
http://www.lvn.asso.fr,lvn.asso.fr
http://www.mespropresrecherches.com,mespropresrecherches.com
http://www.meteofrance.com,meteofrance.com
http://www.minute-hebdo.fr,minute-hebdo.fr
http://www.non-stop-politique.fr,non-stop-politique.fr
http://www.nordactu.fr,nordactu.fr
http://www.onzemondial.com,onzemondial.com
http://www.opex360.com,opex360.com
http://www.penserlibrement.fr,penserlibrement.fr
http://www.pluxactu.com,pluxactu.com
http://www.presse-agricole.net,presse-agricole.net
http://www.remede.org,remede.org
http://www.reopen911.info,reopen911.info
http://www.reponseatout.com,reponseatout.com
http://www.samizdat.net,samizdat.net
http://www.scienceinfo.fr,scienceinfo.fr
http://www.snj.fr,snj.fr
http://www.socialter.fr,socialter.fr
http://www.talents.fr,talents.fr
http://www.terrevivante.org,terrevivante.org
http://www.topito.com,topito.com
http://www.tv5monde.com,tv5monde.com
http://www.ville-albert.fr,ville-albert.fr
http://www.wikistrike.com,wikistrike.com
http://yagg.com,yagg.com
http://youpress.fr,youpress.fr
http://zet-ethique.fr,zet-ethique.fr
https://24heuresactu.com,24heuresactu.com
https://actu.orange.fr,actu.orange.fr
https://antipresse.net,antipresse.net
https://arcturius.org,arcturius.org
https://arretsurinfo.ch,arretsurinfo.ch
https://attac.org,attac.org
https://borislelay.com,borislelay.com
https://boucherie-ovalie.org,boucherie-ovalie.org
https://breizatao.com,breizatao.com
https://buzzly.fr,buzzly.fr
https://campus.la-croix.com,campus.la-croix.com
https://ccm.net,ccm.net
https://clara-magazine.fr,clara-magazine.fr
https://coeursdathletes.fr,coeursdathletes.fr
https://desarmons.net,desarmons.net
https://dieudosphere.com,dieudosphere.com
https://dystopeek.fr,dystopeek.fr
https://el-manchar.com,el-manchar.com
https://fr.aleteia.org,fr.aleteia.org
https://fr.mediamass.net,fr.mediamass.net
https://fr.novopress.info,fr.novopress.info
https://fr.reuters.com,fr.reuters.com
https://fr.sott.net,fr.sott.net
https://fr.sputniknews.com,fr.sputniknews.com
https://fr.yahoo.com,fr.yahoo.com
https://francais.rt.com,francais.rt.com
https://friction-magazine.fr,friction-magazine.fr
https://frontpopulaire.fr,frontpopulaire.fr
https://gijn.org/gijn-en-francais/,gijn.org
https://goldnadel.tv,goldnadel.tv
https://grand-format.net,grand-format.net
https://hebdo-armor.fr,hebdo-armor.fr
https://hiphopcorner.fr,hiphopcorner.fr
https://hitek.fr,hitek.fr
https://islamisation.fr,islamisation.fr
https://issues.fr,issues.fr
https://jeune-nation.com,jeune-nation.com
https://kaizen-magazine.com,kaizen-magazine.com
https://komodo.tv,komodo.tv
https://korben.info,korben.info
https://la-chronique-agora.com,la-chronique-agora.com
https://lareclame.fr,lareclame.fr
https://lareleveetlapeste.fr,lareleveetlapeste.fr
https://lasetmana.fr,lasetmana.fr
https://le-drone.com,le-drone.com
https://leblogalupus.com,leblogalupus.com
https://leco.playbacpresse.fr,leco.playbacpresse.fr
https://ledesk.ma,ledesk.ma
https://lejournaldeleco.fr,lejournaldeleco.fr
https://lejournaldusiecle.com,lejournaldusiecle.com
https://lepetitquotidien.playbacpresse.fr,lepetitquotidien.playbacpresse.fr
https://lequatreheures.com,lequatreheures.com
https://lesakerfrancophone.fr,lesakerfrancophone.fr
https://lesavoirperdudesanciens.com,lesavoirperdudesanciens.com
https://lesbrindherbes.org,lesbrindherbes.org
https://leseconoclastes.fr,leseconoclastes.fr
https://lesmoutonsenrages.fr,lesmoutonsenrages.fr
https://lesmoutonsrebelles.com,lesmoutonsrebelles.com
https://lesobservateurs.ch,lesobservateurs.ch
https://limportant.fr,limportant.fr
https://lundi.am,lundi.am
https://maitre-eolas.fr,maitre-eolas.fr
https://manif-est.info,manif-est.info
https://medialibre.info,medialibre.info
https://mediaslibres.org,mediaslibres.org
https://medor.coop,medor.coop
https://melenchon.fr,melenchon.fr
https://menace-theoriste.fr,menace-theoriste.fr
https://meta.tv,meta.tv
https://michelonfray.com,michelonfray.com
https://mondafrique.com,mondafrique.com
https://mrmondialisation.org,mrmondialisation.org
https://nordpresse.be,nordpresse.be
https://objectif-languedoc-roussillon.latribune.fr,objectif-languedoc-roussillon.latribune.fr
https://oip.org,oip.org
https://poivron.org,poivron.org
https://polony.tv,polony.tv
https://portail.centrefrance.com,portail.centrefrance.com
https://positivr.fr,positivr.fr
https://present.fr,present.fr
https://pressegalactique.com,pressegalactique.com
https://professeur-joyeux.com,professeur-joyeux.com
https://projetutopia.info,projetutopia.info
https://qg.media,qg.media
https://quoidansmonassiette.fr,quoidansmonassiette.fr
https://rapportsdeforce.fr,rapportsdeforce.fr
https://reinformation.tv,reinformation.tv
https://renverse.co,renverse.co
https://reseauinternational.net,reseauinternational.net
https://reseaumutu.info,reseaumutu.info
https://revolutionvibratoire.fr,revolutionvibratoire.fr
https://revuelimite.fr,revuelimite.fr
https://rezo.net,rezo.net
https://rhonealpesinfo.fr,rhonealpesinfo.fr
https://ripostelaique.com,ripostelaique.com
https://sciencepost.fr,sciencepost.fr
https://signauxfaibles.co,signauxfaibles.co
https://stopmensonges.com,stopmensonges.com
https://taranis.news,taranis.news
https://tariqramadan.com,tariqramadan.com
https://tellementsoif.tv,tellementsoif.tv
https://tetu.com,tetu.com
https://trustmyscience.com,trustmyscience.com
https://tv-programme.com,tv-programme.com
https://vsd.fr,vsd.fr
https://wanted-pedo.com,wanted-pedo.com
https://wikiagri.fr,wikiagri.fr
https://www.20min.ch/ro/,20min.ch
https://www.24heures.ch,24heures.ch
https://www.360m2.fr,360m2.fr
https://www.4emesinge.com,4emesinge.com
https://www.6play.fr,6play.fr
https://www.acteurspublics.fr,acteurspublics.fr
https://www.actionfrancaise.net,actionfrancaise.net
https://www.agoravox.fr,agoravox.fr
https://www.agoravox.tv,agoravox.tv
https://www.air-cosmos.com,air-cosmos.com
https://www.ajplus.net/francais,ajplus.net
https://www.alterinfo.net,alterinfo.net
https://www.apost.com/fr,apost.com
https://www.arte.tv,arte.tv
https://www.arteradio.com,arteradio.com
https://www.astucesnaturelles.net,astucesnaturelles.net
https://www.aufeminin.com,aufeminin.com
https://www.autojournal.fr,autojournal.fr
https://www.avivremagazine.fr,avivremagazine.fr
https://www.ayoye.com,ayoye.com
https://www.batirama.com,batirama.com
https://www.batiweb.com,batiweb.com
https://www.be.com,be.com
https://www.bibamagazine.fr,bibamagazine.fr
https://www.boursorama.com,boursorama.com
https://www.brochuresenligne.com,brochuresenligne.com
https://www.brut.media/fr,brut.media
https://www.bugeycotiere.fr,bugeycotiere.fr
https://www.businessbourse.com/en/,businessbourse.com
https://www.businessimmo.com,businessimmo.com
https://www.businessinsider.fr,businessinsider.fr
https://www.buzzarena.com,buzzarena.com
https://www.caducee.net,caducee.net
https://www.canardpc.com,canardpc.com
https://www.causette.fr,causette.fr
https://www.cesoirtv.com,cesoirtv.com
https://www.cession-commerce.com,cession-commerce.com
https://www.christianophobie.fr,christianophobie.fr
https://www.chron.com,chron.com
https://www.clicanoo.re,clicanoo.re
https://www.clubic.com,clubic.com
https://www.cnews.fr,cnews.fr
https://www.commentcamarche.net/,commentcamarche.net
https://www.confidentielles.com,confidentielles.com
https://www.consoglobe.com,consoglobe.com
https://www.contre-info.com,contre-info.com
https://www.contretemps.eu,contretemps.eu
https://www.contribuables.org,contribuables.org
https://www.cosmopolitan.fr,cosmopolitan.fr
https://www.crashdebug.fr,crashdebug.fr
https://www.cuisine-et-sante.net,cuisine-et-sante.net
https://www.debunkersdehoax.org,debunkersdehoax.org
https://www.demotivateur.fr,demotivateur.fr
https://www.dreuz.info,dreuz.info
https://www.dw.com/fr,dw.com
https://www.e-marchespublics.com,e-marchespublics.com
https://www.egaliteetreconciliation.fr,egaliteetreconciliation.fr
https://www.emploisoignant.com,emploisoignant.com
https://www.enquete-debat.fr,enquete-debat.fr
https://www.espritsciencemetaphysiques.com,espritsciencemetaphysiques.com
https://www.euractiv.fr,euractiv.fr
https://www.euronews.com,euronews.com
https://www.europages.com,europages.com
https://www.exemagazine.fr,exemagazine.fr
https://www.fawkes-news.com,fawkes-news.com
https://www.fdesouche.com,fdesouche.com
https://www.femina.fr,femina.fr
https://www.fiminabeaute.com,fiminabeaute.com
https://www.fip.fr,fip.fr
https://www.footballfrance.fr,footballfrance.fr
https://www.franceculture.fr,franceculture.fr
https://www.franceinter.fr,franceinter.fr
https://www.francemusique.fr,francemusique.fr
https://www.frustrationmagazine.fr,frustrationmagazine.fr
https://www.ft.com,ft.com
https://www.futura-sciences.com,futura-sciences.com
https://www.gentside.com,gentside.com
https://www.glamourparis.com,glamourparis.com
https://www.gq.com,gq.com
https://www.guide-piscine.fr,guide-piscine.fr
https://www.gulli.fr,gulli.fr
https://www.gynecologie-pratique.com,gynecologie-pratique.com
https://www.hacking-social.com,hacking-social.com
https://www.havre-libre.fr,havre-libre.fr
https://www.histoires-paranormales.fr,histoires-paranormales.fr
https://www.historia.fr,historia.fr
https://www.hoaxbuster.com,hoaxbuster.com
https://www.huffpostmaghreb.com,huffpostmaghreb.com
https://www.humourdemecs.com,humourdemecs.com
https://www.i24news.tv,i24news.tv
https://www.infirmiers.com,infirmiers.com
https://www.infodrome.fr,infodrome.fr
https://www.initiative-communiste.fr,initiative-communiste.fr
https://www.investigaction.net,investigaction.net
https://www.jds.fr,jds.fr
https://www.jeanmarcmorandini.com,jeanmarcmorandini.com
https://www.jefklak.org,jefklak.org
https://www.journaldemontreal.com,journaldemontreal.com
https://www.journaldesfemmes.fr,journaldesfemmes.fr
https://www.journaldugeek.com,journaldugeek.com
https://www.journaldunet.com,journaldunet.com
https://www.koimagazine.fr,koimagazine.fr
https://www.kontrekulture.com,kontrekulture.com
https://www.lachainemeteo.com,lachainemeteo.com
https://www.ladn.eu,ladn.eu
https://www.lalettredelexpansion.com,lalettredelexpansion.com
https://www.laliberte.ch,laliberte.ch
https://www.lalibre.be,lalibre.be
https://www.lameute.info,lameute.info
https://www.lamuledupape.com,lamuledupape.com
https://www.lanutrition.fr,lanutrition.fr
https://www.lapresse.ca,lapresse.ca
https://www.lapressedelamanche.fr,lapressedelamanche.fr
https://www.laquadrature.net/en/,laquadrature.net
https://www.larevuedessinee.fr,larevuedessinee.fr
https://www.larvf.com,larvf.com
https://www.lasardineduport.fr,lasardineduport.fr
https://www.lasemaineduroussillon.com,lasemaineduroussillon.com
https://www.lavenir.net,lavenir.net
https://www.lci.fr,lci.fr
https://www.lecanardenchaine.fr,lecanardenchaine.fr
https://www.lecho.be,lecho.be
https://www.ledevoir.com,ledevoir.com
https://www.legifiscal.fr,legifiscal.fr
https://www.legisocial.fr,legisocial.fr
https://www.legrandsoir.info,legrandsoir.info
https://www.lelibrepenseur.org,lelibrepenseur.org
https://www.lematin.ch,lematin.ch
https://www.lemondejuif.info,lemondejuif.info
https://www.lengadoc-info.com,lengadoc-info.com
https://www.lenouvelliste.ch,lenouvelliste.ch
https://www.lepelerin.com,lepelerin.com
https://www.les-crises.fr,les-crises.fr
https://www.les-identitaires.com,les-identitaires.com
https://www.lesalonbeige.fr,lesalonbeige.fr
https://www.leschasseursdemploi.com,leschasseursdemploi.com
https://www.lesmutins.org,lesmutins.org
https://www.lesoir.be,lesoir.be
https://www.letemps.ch,letemps.ch
https://www.levif.be,levif.be
https://www.lexpressiondz.com,lexpressiondz.com
https://www.lhistoire.fr,lhistoire.fr
https://www.liberation-champagne.fr,liberation-champagne.fr
https://www.linternaute.com,linternaute.com
https://www.lorientlejour.com,lorientlejour.com
https://www.lutte-ouvriere.org,lutte-ouvriere.org
https://www.lux-residence.com,lux-residence.com
https://www.madmoizelle.com,madmoizelle.com
https://www.magazine-avantages.fr,magazine-avantages.fr
https://www.magazine-prier.fr,magazine-prier.fr
https://www.magicmaman.com,magicmaman.com
https://www.mangerbouger.fr,mangerbouger.fr
https://www.manieredevoir.com,manieredevoir.com
https://www.marchesonline.com,marchesonline.com
https://www.mariefrance.fr,mariefrance.fr
https://www.maxisciences.com,maxisciences.com
https://www.medias-presse.info,medias-presse.info
https://www.mieuxvivre-votreargent.fr,mieuxvivre-votreargent.fr
https://www.modesettravaux.fr,modesettravaux.fr
https://www.monde-libertaire.fr,monde-libertaire.fr
https://www.mondialisation.ca,mondialisation.ca
https://www.morandinisante.com,morandinisante.com
https://www.mouv.fr,mouv.fr
https://www.mouvement-up.fr,mouvement-up.fr
https://www.mycanal.fr,mycanal.fr
https://www.myfunbuzz.ca,myfunbuzz.ca
https://www.nationspresse.info,nationspresse.info
https://www.ndf.fr,ndf.fr
https://www.newstank.fr,newstank.fr
https://www.nice-provence.info,nice-provence.info
https://www.nosdeputes.fr,nosdeputes.fr
https://www.nossenateurs.fr,nossenateurs.fr
https://www.nouveau-magazine-litteraire.com,nouveau-magazine-litteraire.com
https://www.nouvelordremondial.cc,nouvelordremondial.cc
https://www.novethic.fr,novethic.fr
https://www.numerama.com,numerama.com
https://www.observatoiredesmedias.com,observatoiredesmedias.com
https://www.occitanie-tribune.com,occitanie-tribune.com
https://www.offremedia.com,offremedia.com
https://www.ohmymag.com,ohmymag.com
https://www.ojim.fr,ojim.fr
https://www.oumma.com,oumma.com
https://www.ozap.com,ozap.com
https://www.panamza.com,panamza.com
https://www.parisvox.info,parisvox.info
https://www.passerelleco.info,passerelleco.info
https://www.patriote.info,patriote.info
https://www.pausecafein.fr,pausecafein.fr
https://www.pleinevie.fr,pleinevie.fr
https://www.pointdevue.fr,pointdevue.fr
https://www.polemia.com,polemia.com
https://www.politico.com,politico.com
https://www.politologue.com,politologue.com
https://www.presse-bisontine.fr,presse-bisontine.fr
https://www.presse-citron.net,presse-citron.net
https://www.presse-pontissalienne.fr,presse-pontissalienne.fr
https://www.programme.tv,programme.tv
https://www.publicsenat.fr,publicsenat.fr
https://www.publihebdos.com,publihebdos.com
https://www.qqf.fr,qqf.fr
https://www.rad.ca,rad.ca
https://www.radioclassique.fr,radioclassique.fr
https://www.radiocourtoisie.fr,radiocourtoisie.fr
https://www.rebelle-sante.com,rebelle-sante.com
https://www.retronews.fr,retronews.fr
https://www.revolutionpermanente.fr,revolutionpermanente.fr
https://www.revue-ballast.fr,revue-ballast.fr
https://www.revue21.fr,revue21.fr
https://www.revuesilence.net,revuesilence.net
https://www.rivarol.com,rivarol.com
https://www.rlf.fr,rlf.fr
https://www.rtbf.be,rtbf.be
https://www.rtflash.fr,rtflash.fr
https://www.rtl.be,rtl.be
https://www.ruedesjoueurs.com,ruedesjoueurs.com
https://www.rugbyrama.fr,rugbyrama.fr
https://www.sagefemme-pratique.com,sagefemme-pratique.com
https://www.sante-et-sport.com,sante-et-sport.com
https://www.sante-nutrition.org,sante-nutrition.org
https://www.santenatureinnovation.com,santenatureinnovation.com
https://www.santeplusmag.com,santeplusmag.com
https://www.seloger.com,seloger.com
https://www.sicavonline.fr,sicavonline.fr
https://www.silicon.fr,silicon.fr
https://www.sinemensuel.com,sinemensuel.com
https://www.skyrock.com,skyrock.com
https://www.sofoot.com,sofoot.com
https://www.soundlightup.com,soundlightup.com
https://www.spi0n.com,spi0n.com
https://www.spiil.org/s/,spiil.org
https://www.sportauto.fr,sportauto.fr
https://www.studyrama.com,studyrama.com
https://www.sudinfo.be,sudinfo.be
https://www.tdg.ch,tdg.ch
https://www.telepoche.fr,telepoche.fr
https://www.telez.fr,telez.fr
https://www.terraeco.net,terraeco.net
https://www.terrestres.org,terrestres.org
https://www.tf1.fr,tf1.fr
https://www.theoriedugenre.fr,theoriedugenre.fr
https://www.tlva.fr,tlva.fr
https://www.toporevue.fr,toporevue.fr
https://www.touslesjourscurieux.fr,touslesjourscurieux.fr
https://www.transitionsenergies.com,transitionsenergies.com
https://www.tsa-algerie.com,tsa-algerie.com
https://www.tsugi.fr,tsugi.fr
https://www.tv2com.fr,tv2com.fr
https://www.tvlibertes.com,tvlibertes.com
https://www.ulyces.co,ulyces.co
https://www.vanityfair.fr,vanityfair.fr
https://www.vice.com/fr,vice.com
https://www.vidal.fr,vidal.fr
https://www.village-justice.com,village-justice.com
https://www.vogue.fr,vogue.fr
https://www.voltairenet.org,voltairenet.org
https://www.washingtonpost.com,washingtonpost.com
https://www.wsws.org,wsws.org
https://www.zejournal.mobi,zejournal.mobi
https://www.zelium.info,zelium.info
https://www.zist.co,zist.co
https://www.zite.fr,zite.fr
https://www.zonebourse.com,zonebourse.com
https://esprit-critique.org,esprit-critique.org
https://www.institutsapiens.fr,institutsapiens.fr
https://www.vosquestionsdeparents.fr,vosquestionsdeparents.fr
http://observateurcontinental.fr,observateurcontinental.fr
https://legrandcontinent.eu/fr,legrandcontinent.eu
https://www.francetvinfo.fr,francetvinfo.fr
https://www.lumni.fr,lumni.fr
https://www.francetelevisions.fr,francetelevisions.fr
https://www.nova.fr,nova.fr
http://www.librairie-tropiques.fr,librairie-tropiques.fr
https://zintv.org,zintv.org
http://regardeavue.com,regardeavue.com
https://infokiosques.net,infokiosques.net
http://www.les-renseignements-genereux.org,les-renseignements-genereux.org
http://cat-int.org,cat-int.org
https://cercle-turgot.org,cercle-turgot.org
http://libres.org,libres.org
http://www.espaces-marx.net,espaces-marx.net
https://www.fondationconcorde.com,fondationconcorde.com
http://www.fondation-copernic.org,fondation-copernic.org
http://www.fondationecolo.org,fondationecolo.org
https://gabrielperi.fr,gabrielperi.fr
https://www.ifrap.org,ifrap.org
https://www.frstrategie.org,frstrategie.org
https://www.fondation-res-publica.org,fondation-res-publica.org
https://www.blelorraine.fr,blelorraine.fr
https://www.i4ce.org,i4ce.org
https://www.choiseul.info,choiseul.info
http://www.ifpfrance.org,ifpfrance.org
https://www.institut-entreprise.fr,institut-entreprise.fr
https://www.irsem.fr,irsem.fr
https://www.iris-france.org,iris-france.org
https://www.institutdiderot.fr,institutdiderot.fr
https://www.institutmolinari.org,institutmolinari.org
https://www.ifri.org,ifri.org
https://institutdelors.eu,institutdelors.eu
https://www.institutmontaigne.org,institutmontaigne.org
https://www.la-fabrique.fr,la-fabrique.fr
http://institut-thomas-more.org,institut-thomas-more.org
http://www.repid.com,repid.com
https://theshiftproject.org,theshiftproject.org
